=== run 1 ===
✔ city fog follows the zoom, as it always has (1.650465ms)
✔ a tiny span does not put the haze inside the camera (0.163573ms)
✔ orthographic has no haze at all (0.115942ms)
✔ street fog is METRES, and does not care what the span was (0.618023ms)
✔ street fog still reaches further at dusk than at noon (0.127533ms)
✔ street fog is inside the far plane, or it never reaches full (0.107862ms)
✔ the dome sits inside the far plane, whichever mode it is (0.125262ms)
✔ the dome is far bigger in the city than in the street (0.085792ms)
✔ the dome is beyond the fog, so it is a gradient and not a wall (0.179024ms)
✔ a view with no perspective planes falls back rather than throwing (0.205844ms)
✔ a muted client and a loud one stay hash-identical (34.735159ms)
✔ ambience reads state without touching it (0.45573ms)
✔ fifty-nine shortfalls make one sound, not fifty-nine (0.203075ms)
✔ a tick is capped, and keeps the worst (0.169214ms)
✔ unknown events make no sound rather than an unknown one (0.739406ms)
✔ a refusal is audible, and success is quieter than failure (0.170253ms)
✔ ambience is an integer that rises with the city and stops rising (0.211515ms)
✔ every cue names a voice the mixer has (4.61357ms)
✔ every cue lands on a bus the mixer creates (0.257946ms)
✔ street ambience follows the road under the walker, not the whole city (0.241446ms)
✔ a quiet street in a big city is still quiet (0.090422ms)
✔ a busy street in a small city is still busy (0.083681ms)
✔ the level is an integer between 0 and 100, like the city's (0.155623ms)
✔ off the map is silence rather than a crash (0.072481ms)
✔ a road is placed, paid for, and claims the ground for its builder (2.29616ms)
✔ a straight road connects along its length (0.498591ms)
✔ a corner becomes a corner when the next tile arrives (0.438099ms)
✔ a drag is one command, and its whole path connects (0.92722ms)
✔ placing over an existing road is free rather than double-charged (0.230305ms)
✔ a bridge over water costs more than a road on land (0.212725ms)
✔ clearing forest to build costs extra (0.179964ms)
✔ rock refuses a road (0.211095ms)
✔ the quoted price is exactly what is charged (0.534257ms)
✔ an unaffordable edit changes nothing at all (2.476224ms)
✔ an edit that fails at the last tile leaves the first tiles untouched (1.728457ms)
✔ bulldozing removes what the actor owns and returns the ground to nature (0.333738ms)
✔ bulldozing a neighbour's road is refused — this is the whole design (3.741785ms)
✔ building on a neighbour's land is refused when borders are closed (0.182554ms)
✔ open borders let a neighbour run a road across, but not demolish (0.089942ms)
✔ anyone may build on the commons; only the builder may remove it (0.098992ms)
✔ undo reverses exactly one action, money included (3.777732ms)
✔ undo is refused once a neighbour has built on the same ground (0.121933ms)
✔ undo does not stack — it is one deep per player (0.068202ms)
✔ a malformed run list is refused before a single tile is touched (0.254605ms)
✔ a drag larger than the cap is refused rather than truncated (0.058171ms)
✔ wires and roads occupy the same tile independently (0.089992ms)
✔ two engines given the same commands agree exactly (0.313077ms)
✔ permission matrix: every command against every ownership relation (0.450639ms)
✔ permission matrix: zoning and placement obey the same rules (0.592653ms)
✔ permission matrix: every registered command is covered by a row (0.606523ms)
✔ permission matrix: no command ever mutates a tile the actor does not own (0.360338ms)
✔ cars never overlap, however long they run (20.899341ms)
✔ nobody drives backwards, and nobody exceeds the speed limit (15.248555ms)
✔ a car keeps a gap that grows with speed (27.462587ms)
✔ a busy road fills to its target density and stays there (60.870673ms)
✔ an empty road is empty, and a quiet one is quieter AND faster (28.259829ms)
✔ the cap is a cap (22.095829ms)
✔ a red light stops the first car short of the junction (70.57649ms)
✔ a queue forms behind a red and clears on green (89.253407ms)
✔ one city, one seed, two identical runs (10.040407ms)
✔ nothing here touches Math.random or the clock (5.377307ms)
✔ freezing leaves cars on the road but stops the clock (1.047033ms)
✔ a car that reaches the end of the road leaves (18.240512ms)
✔ a car never sits on a link that is not in the graph (22.354289ms)
✔ a road with nowhere to go still runs (0.252976ms)
✔ a junction's desired speed is never looked up by a node id (R1.3) (0.322407ms)
✔ a car carries a desired speed, and a loaded road slows it (1.83933ms)
✔ only the cars on screen are posed, and the count agrees with the pose (2.878662ms)
✔ no bounds means the whole city, so nothing else has to know about this (1.255007ms)
✔ a car stops for somebody standing in the road (6.167083ms)
✔ nobody is driven over (7.778308ms)
✔ the road clears again once they are off it (5.441168ms)
✔ an empty yield list costs nothing and changes nothing (2.52712ms)
✔ a car carries a lamp at each end, and they are at each end (1.225777ms)
✔ the lamps sit at the car's own height, not on the road (1.936812ms)
✔ nobody's lights are on by day (0.927181ms)
✔ at night every car on screen is lit, at both ends (1.884331ms)
✔ chaos: 4000 random commands across four seeds leave state sound (29.219552ms)
✔ chaos applies a meaningful fraction — a fuzzer that only bounces proves nothing (7.267327ms)
✔ prototype keys are refused rather than invoked (0.290266ms)
✔ a refused command never moves the hash (0.366398ms)
✔ isIntInRange rejects everything that is not an integer in range (0.134413ms)
✔ isIntArray rejects ragged and oversized input (0.123512ms)
✔ sanitiseText strips control characters and normalises whitespace (0.102532ms)
✔ sanitiseText truncates by byte budget (0.123963ms)
✔ sanitiseText never splits a surrogate pair (0.627903ms)
✔ a name longer than the limit is cut, not rejected (0.45146ms)
✔ the territory overlay is part of a chunk's identity (V7, A44) (2.986104ms)
✔ a hash is stable for a state that has not changed (0.299677ms)
✔ painting a road in the chunk changes its hash (0.257526ms)
✔ painting a road ELSEWHERE does not (0.522791ms)
✔ every layer the chunk draws is in its hash (2.576346ms)
✔ a building anchored in the chunk is in its hash, and one outside is not (2.254694ms)
✔ two different chunks of an empty map still differ (0.314056ms)
✔ the hash is a number, and a stable one across runs (0.593713ms)
✔ chunks come back nearest first (0.90611ms)
✔ the radius is a radius, in chunks (0.539962ms)
✔ chunks off the map are not offered (0.274986ms)
✔ a key round-trips (0.644744ms)
✔ a lot straddling a boundary is claimed by exactly one chunk (0.721356ms)
✔ every lot is claimed exactly once (0.311997ms)
✔ monthly systems run in a declared order, not in import order (0.722195ms)
✔ industry pollutes, and pollution spreads to its neighbours (1.325799ms)
✔ a coal plant pollutes more than a wind turbine (1.460752ms)
✔ forest cleans the air, which makes protecting it a mechanical choice (1.834209ms)
✔ a station covers its radius and falls off with distance (1.188155ms)
✔ an unpowered station covers less than a powered one (0.780327ms)
✔ police coverage reduces crime (2.276029ms)
✔ no clean water is the largest health risk there is (1.598074ms)
✔ a hospital reduces health risk nearby (1.219486ms)
✔ land value rises by water and falls beside industry (2.725744ms)
✔ services raise land value (5.509078ms)
✔ high crime and high pollution are reported, not left to be noticed (1.41371ms)
✔ a fire burns, spreads, and can destroy the building it started in (5.5538ms)
✔ a fire goes out eventually, even with no fire service at all (1.84247ms)
✔ fire cover makes a city measurably safer (0.956ms)
✔ a burnt building leaves ruins, and ruins block rebuilding (1.074493ms)
✔ bulldozing clears ruins (0.879319ms)
✔ the whole lot burns, never half of it (2.191508ms)
✔ ignition is rarer in a well-covered city (264.226083ms)
✔ the civic pass is deterministic (7.437699ms)
✔ funding scales what a station covers (1.134085ms)
✔ funding scales what a department costs (0.291487ms)
✔ a funding rate outside the range is refused, not clamped (0.132793ms)
✔ every service a building offers has a funding level (0.062381ms)
✔ every lot is one solid, seated on its own ground and taller than a walker (6.966241ms)
✔ a walker 0.2 m inside a wall is pushed OUT to exactly its radius (1.469262ms)
✔ a walker just outside a wall is pushed clear of it, not through it (1.467561ms)
✔ a walker outside everything is left exactly where it is (1.069783ms)
✔ a walker above the roof is not stopped by the building under it (1.492602ms)
✔ a doorway 1.8 m wide passes and 0.6 m does not (1.335364ms)
✔ a corner leaves the walker outside the lot, not inside its neighbour face (0.771067ms)
✔ floorAt steps up a kerb and refuses a wall (0.782167ms)
✔ the step-up limit is a limit and not a fence: down is always allowed (0.701355ms)
✔ the hash returns everything brute force does, on two hundred points (8.80135ms)
✔ a lamp post is something you bump into (0.678035ms)
✔ a lamp post does not stand where the walker walks (A43) (6.98172ms)
✔ a bin is stepped over, not walked round (0.44654ms)
✔ the furniture does not turn a street into a corridor of posts (0.46219ms)
✔ a walker cannot walk into deep water (0.393578ms)
✔ the very edge of the water can be waded (0.348957ms)
✔ a causeway over water is walkable, and stepping off it is not (0.634364ms)
✔ zoning costs money and claims unowned ground (1.435011ms)
✔ water cannot be zoned (0.203175ms)
✔ an invalid zone type is refused (0.153874ms)
✔ zoning a neighbour's land is refused (0.108402ms)
✔ a developed lot must be demolished, not dezoned (4.658529ms)
✔ nothing develops without road access (3.562232ms)
✔ road access is measured around the whole footprint (0.336108ms)
✔ zoned land beside a road develops (5.188392ms)
✔ a wide block of zoning grows into larger lots (1.643435ms)
✔ a building owns every tile of its footprint, and only those (1.239251ms)
✔ demand is regional, not per-player (ruling 001) (1.472532ms)
✔ an empty region wants residents (0.189694ms)
✔ vacant housing suppresses residential demand (0.177773ms)
✔ jobs pull residents and residents pull shops (0.144003ms)
✔ taxes drag on demand (0.099543ms)
✔ demand moves toward its target rather than jumping (0.116623ms)
✔ demand stays inside its caps (13.924579ms)
✔ occupancy never exceeds housing (5.377216ms)
✔ land value rises beside water and falls beside industry (0.231655ms)
✔ the development pass is deterministic (2.052854ms)
✔ development runs on the monthly tick, not every tick (1.344339ms)
✔ demolishing a lot frees its tiles for something else (0.850928ms)
✔ every disaster kind has a name, and no two share one (0.567812ms)
✔ the design's seven major disasters all exist (0.122892ms)
✔ disasters can be turned off entirely (1.606235ms)
✔ a disaster warns before it strikes, and says where (0.534622ms)
✔ the warning phase does no damage (3.893208ms)
✔ a wildfire burns through the fire system rather than beside it (1.413201ms)
✔ a blackout clears power and breaks nothing (0.542752ms)
✔ an explosion pollutes as well as destroys (0.357898ms)
✔ contamination takes the water flag, not the pipes (0.439029ms)
✔ a wrecked building leaves ruins, not a hole (4.196035ms)
✔ no disaster makes a tile permanently unbuildable (2.224484ms)
✔ a disaster ends, and ends only once (0.316797ms)
✔ only one disaster runs at a time (7.93789ms)
✔ disasters are deterministic from the state (1.494313ms)
✔ the disaster record is hashed (0.571833ms)
✔ the disaster record survives a copy (0.272816ms)
✔ the local documents stay out of git (5.491268ms)
✔ every required document exists (0.312397ms)
✔ open questions agree between plan-v1.md and dev-questions.md (1.685584ms)
✔ answered questions have left the open section (1.679226ms)
✔ every ruling carries its source, status and enforcement (21.254912ms)
✔ ruling filenames and headings agree on the number (1.327569ms)
✔ dev-prompts.md numbers its prompts without gaps (1.68364ms)
✔ the chosen style is specified, not merely named (1.412179ms)
✔ the documented palette matches the code (0.739136ms)
✔ every cityviewer document is indexed by the engine README (4.001633ms)
✔ every decision cityviewer settled names a ruling that exists (1.278133ms)
✔ cityviewer's rulings point back at the specification (1.645074ms)
✔ plan-v1 carries the cityviewer lane the roadmap describes (4.60962ms)
✔ cityviewer's settled constants agree across the specification (1.806139ms)
✔ every cityviewer work item is a slice in plan-v1 (1.439401ms)
✔ ruling 040's tier table is the one in the data (R2) (2.347831ms)
✔ the README names every gate a slice has to run (2.892609ms)
✔ the tax rate can be set within its range and refused outside it (1.8705ms)
✔ residents pay tax, and more of it at a higher rate (0.653914ms)
✔ land value is worth as much as headcount (0.696335ms)
✔ an empty home yields nothing (0.257326ms)
✔ income and upkeep are attributed to the right owner (0.586612ms)
✔ roads, wires and pipes all cost their owner upkeep (1.596655ms)
✔ a placed building costs its catalogue upkeep (3.279208ms)
✔ difficulty scales both sides of the ledger (0.416879ms)
✔ a monthly pass moves money and reports the budget (0.371748ms)
✔ a city that cannot pay does not run up an unbounded overdraft (0.47538ms)
✔ an unpayable bill is reported rather than absorbed silently (0.253276ms)
✔ the player is warned before the money runs out, not after (0.106902ms)
✔ a shared treasury divides the region's net between the seats (1.298818ms)
✔ separate treasuries do not share (0.143523ms)
✔ the economy is deterministic (2.418271ms)
✔ the spec carries the parameters, not a second opinion about them (3.972446ms)
✔ the same lot gives the same spec twice (1.542793ms)
✔ the street edge is the lot's frontage, and only one edge has a door (0.580082ms)
✔ a window is the same width on a tall building as on a short one (0.880699ms)
✔ bays are counted from the frontage, not from the tile (0.761807ms)
✔ a 20 m commercial frontage gets four bays (0.376918ms)
✔ a shop has storefronts on its street edge and a house does not (0.844068ms)
✔ a house gets a pitched roof and a shop gets a flat one with a parapet (0.711265ms)
✔ industry is a shed with a sawtooth or a flat roof and no windows on the ground (1.058883ms)
✔ a civic building has a portico (0.502441ms)
✔ the name table is data, not a string in the code — in every locale (0.609583ms)
✔ a shop keeps its index across a language change (R2) (0.508341ms)
✔ nothing in the spec reaches outside the lot (5.0034ms)
✔ both levels take their colour from one function, not two copies of it (5.271791ms)
✔ the baked facades honour the territory overlay the instanced boxes do (0.202465ms)
✔ the verge takes the colour of the land under it, not a flat lawn (A38) (0.126343ms)
✔ every category builds something, with no empty pieces (19.651346ms)
✔ a building stands on its seat and reaches its own height (1.801949ms)
✔ nothing but the eave reaches past the lot, and the eave is small (10.763215ms)
✔ an opening is a HOLE: the wall has a gap and the reveal fills it (0.828428ms)
✔ a taller building has more windows, not bigger ones (0.850388ms)
✔ lit windows go in their own bucket, dark until the night rig turns them up (0.799532ms)
✔ the same building builds the same geometry twice (8.278949ms)
✔ every triangle is wound the way its normal points (4.515603ms)
✔ there are fixtures at all (0.780697ms)
✔ fixture empty.json: every step's hash, result and events (22.600628ms)
✔ fixture founding.json: every step's hash, result and events (136.053156ms)
✔ fixture two_player.json: every step's hash, result and events (42.661947ms)
✔ every fixture says why it exists and which era it belongs to (0.356277ms)
✔ replaying a fixture twice gives the same answer (145.058771ms)
✔ the two lists of hashed fields agree (0.790037ms)
✔ the hashed fields are all present on a real state (3.777171ms)
✔ a tree stands inside its own tile (2.934884ms)
✔ a tree is the same tree every time it is asked for (1.065953ms)
✔ no two neighbouring trees are the same tree (1.952822ms)
✔ a tree has a species, a size and a spin, and all three are usable (0.140583ms)
✔ only forest tiles have trees on them (0.47057ms)
✔ a paved or built tile has no tree, whatever the terrain says (0.272416ms)
✔ a box only gets the trees inside it (0.315337ms)
✔ an empty box is empty, not undefined (0.156143ms)
✔ the two passes place a tree in exactly the same spot (0.488161ms)
✔ a governor inside its target gives nothing up (2.323184ms)
✔ p95 ignores a single stall, and catches a sustained one (0.565892ms)
✔ it takes a second over target before giving anything up (0.357307ms)
✔ the order of sacrifice is fixed, and it stops when it runs out (0.45147ms)
✔ a sacrifice is remembered even when the frames come good again (1.548183ms)
✔ reset forgets, because a new tier is a new question (0.256926ms)
✔ p95 is the 95th percentile of the window, not the mean (0.172233ms)
✔ the window is bounded, so a long session costs no memory (6.525401ms)
✔ the pixel pass is on the ladder, and it goes first (0.544502ms)
✔ the supersample rung is read by something (R1.4) (1.505172ms)
✔ every rung the ladder names is read by the renderer (0.4381ms)
✔ a profile has one height per point and a cumulative distance (1.347009ms)
✔ flat land stays flat (0.246955ms)
✔ a gentle slope is left alone (0.147683ms)
✔ a cliff in the middle of a street is cut and filled to the limit (0.183164ms)
✔ the ends are the land, and they do not move (0.165913ms)
✔ a profile is cut AND filled, not simply flattened (0.551862ms)
✔ ends steeper than the limit give the straightest street possible (0.181424ms)
✔ a long street with one bump loses the bump and keeps the street (0.133863ms)
✔ a height is read back by distance along, and clamps at both ends (0.160124ms)
✔ reading a profile back never exceeds the limit either (0.306987ms)
✔ a corridor of one point, or of none, does not throw (0.124313ms)
✔ two points in the same place do not divide by zero (0.268695ms)
✔ explicit end heights win over the land (0.878389ms)
✔ the steepest grade is reported, so a gate does not have to re-derive it (0.103152ms)
✔ grading is a function of its inputs and nothing else (0.775706ms)
✔ a profile is flat across the junction box at each end (0.281976ms)
✔ a level junction does not flatten the street between them (0.152183ms)
✔ flat ends shorten the run the grade has to fit into, and say so (0.270636ms)
✔ a corridor shorter than its two junction boxes is not turned inside out (0.121182ms)
✔ index and coordinates round-trip (1.808129ms)
✔ axes are not transposed (0.115633ms)
✔ bounds exclude the edges correctly (0.222685ms)
✔ direction order is north, east, south, west — part of the contract (0.584363ms)
✔ neighbour returns -1 off the edge rather than wrapping (0.149183ms)
✔ adjacency mask packs NESW into bits 1,2,4,8 (0.185404ms)
✔ adjacency mask treats the edge as absent, not as present (0.175334ms)
✔ distances behave (0.152593ms)
✔ forEachInRadius clips to the map and reports distance (0.189354ms)
✔ run-length encoding round-trips and compresses a drag (0.404999ms)
✔ run-length encoding handles gaps, duplicates and disorder (0.160524ms)
✔ run-length encoding of nothing is nothing (0.134413ms)
✔ idiv truncates toward zero, including for negatives (0.090702ms)
✔ imod is never negative (0.077481ms)
✔ clamp holds both ends (0.085832ms)
✔ fixed point stays integral through a round trip (0.155004ms)
✔ fixed-point multiply approximates a fraction without floats (0.072342ms)
✔ lerp interpolates on integers (1.501993ms)
✔ isqrt is the floor of the square root (0.132413ms)
✔ blend 0 reproduces the flat picture exactly (2.197518ms)
✔ a corner between four natural tiles is their mean (0.94104ms)
✔ two tiles of the same terrain still meet in their own colour (0.390378ms)
✔ a corner touching built land keeps the tile's own colour (0.735696ms)
✔ zoned and built land is as flat as paved land (0.522471ms)
✔ the mottle varies a field without changing what it is (1.666486ms)
✔ the mottle is a function of the tile, not of the call (0.512811ms)
✔ open country away from a street is darker than the verge beside it (0.626164ms)
✔ farTone 0 leaves the country alone (0.650464ms)
✔ every corner of every tile has a colour, on any terrain (1.709187ms)
✔ the ground's numbers live in data (0.326897ms)
✔ a road tile still knows what the land under it is (0.341217ms)
✔ natural ground is natural whether or not anything is built on it (0.237715ms)
✔ natural clamps to the map like every other accessor (0.234696ms)
✔ every tool with a shortcut is on the card (1.298428ms)
✔ every tool key the card claims actually selects that tool (0.215274ms)
✔ every fixed binding the card claims is in the controller (0.320467ms)
✔ the card covers the camera, the tools, the actions and the pointer (0.242725ms)
✔ every string on the card is in both locales (2.949469ms)
✔ double-click focuses, as §13.4 says (0.251585ms)
✔ the card names no key twice (1.032872ms)
✔ the card describes the mouse buttons the controller actually binds (P34) (0.423529ms)
✔ the history is bounded, and drops the oldest first (1.977743ms)
✔ a sample carries every field the hash writes, and nothing else (0.854538ms)
✔ the history reaches the hash (1.759908ms)
✔ copyState deep-copies the history rather than sharing it (5.690023ms)
✔ a saved city remembers its history, hash for hash (1.597365ms)
✔ a save written before history loads with an empty one (1.198381ms)
✔ a running game records months, silently (18.285154ms)
✔ every series names a field the engine actually samples (0.243906ms)
✔ every statistic has an explanation, in both locales (0.801067ms)
✔ a reading knows the difference between up and better (0.370338ms)
✔ a series with no good direction reports movement without a verdict (0.183784ms)
✔ small movement reads as steady rather than as news (0.137493ms)
✔ a young city says so instead of drawing a flat line (0.101312ms)
✔ a change from nothing is not an infinite change (0.113812ms)
✔ a sparkline spans its box, and a flat series draws down the middle (0.240585ms)
✔ statistics report the latest value of every series (0.303736ms)
✔ the city date starts in year 1, not year 0 (1.267677ms)
✔ the city date runs through twelve months and no more (0.337317ms)
✔ money is formatted without lying about the sign (0.250745ms)
✔ the treasury trend reports the direction the money is going (3.308288ms)
✔ the top bar reads the player's own treasury, not the region's (0.241636ms)
✔ the top bar survives a seat that is not seated (0.101802ms)
✔ RCI bars are clamped and signed (0.158143ms)
✔ RCI bars keep their order R, C, I (0.670485ms)
✔ repeated events collapse into one alert with a count (0.287236ms)
✔ the alert queue is capped and keeps the worst, not the newest (0.270866ms)
✔ known events are classified by severity, unknown ones are not invented (0.135523ms)
✔ alerts carry the tick they happened on (0.082282ms)
✔ the inspector describes the tile it was asked about (0.352308ms)
✔ the inspector refuses a tile off the map rather than reading past the array (0.155284ms)
✔ the inspector names water as water (0.197864ms)
✔ the inspector reports the building on the tile, by id (0.173894ms)
✔ every building in the catalogue is reachable from the build menu (0.283076ms)
✔ the build menu offers a power source and a water source (0.131793ms)
✔ the build menu is ordered, and the same order every time (0.237945ms)
✔ a building's ghost covers the tiles the reducer will test (0.230675ms)
✔ the budget panel reports the rate the city is actually charging (0.225665ms)
✔ the tax slider cannot aim outside the range the reducer accepts (0.097612ms)
✔ the budget's net is its income minus its expenses (0.114773ms)
✔ every key the interface asks for exists in every locale (40.472827ms)
✔ no user-facing English is left hardcoded in the HUD (0.381148ms)
✔ both launch locales exist (0.813578ms)
✔ locale catalogues have identical key sets (1.691317ms)
✔ no catalogue value is empty (2.090225ms)
✔ interpolation tokens match across locales (2.556485ms)
✔ keys are namespaced, so the catalogue stays navigable as it grows (0.739486ms)
✔ a diagonal drag leaves no holes (1.143304ms)
✔ a line to itself is one tile, not zero (0.44926ms)
✔ lines are symmetric (0.174544ms)
✔ a rectangle covers its corners whichever way it is dragged (0.304287ms)
✔ a straight horizontal drag is ONE run (0.166284ms)
✔ runs are sorted and deduplicated (0.153374ms)
✔ a gap becomes a second run rather than being papered over (0.099922ms)
✔ an empty trail produces no runs (0.050301ms)
✔ runs always come in start/length pairs the engine will accept (0.092502ms)
✔ a vertical drag is one run per row, not one run (0.112132ms)
✔ every tool maps to a command the engine actually has (0.114362ms)
✔ area tools and area commands agree (0.108393ms)
✔ there is a tool for every area command the design exposes (0.079942ms)
✔ the road tool builds a road (0.047801ms)
✔ one pointer with a build tool paints, and a tap builds one tile (0.174964ms)
✔ a drag with a build tool paints a trail, not a pan (0.163684ms)
✔ one pointer with no build tool pans, and only after the slop (0.117093ms)
✔ a press and release without movement is a tap, not a pan (0.058861ms)
✔ a second pointer ends painting rather than painting two lines (0.077732ms)
✔ two pointers spreading apart zoom in (0.104083ms)
✔ two pointers twisting past the threshold rotate exactly one step (0.156853ms)
✔ lifting one of two pointers does not jump the map (0.093982ms)
✔ cancel ends a stroke so a lost pointer cannot leave one open (0.555902ms)
✔ a stroke that never started does not end (0.073552ms)
✔ the pitch belongs to the view, not to the module (0.525591ms)
✔ the pitch is clamped at both ends (0.175134ms)
✔ the mouse turns the camera freely, the keys still snap (0.093312ms)
✔ turning past a full circle keeps the yaw finite (0.03498ms)
✔ the four snapped yaws survive the projection (0.046761ms)
✔ the pitch is clamped in both projections (0.03005ms)
✔ zoom means the same thing in both: span (0.068011ms)
✔ a pan keeps the ground under the pointer where the pointer is (0.052971ms)
✔ the arrows walk a toolbar in both axes (0.92874ms)
✔ the arrows wrap rather than dead-ending (1.463438ms)
✔ Home and End jump to the ends (0.136933ms)
✔ a key the pattern does not own is left alone (0.090682ms)
✔ every frequent tool has a shortcut, and no two share one (0.298286ms)
✔ a shortcut is found whatever the shift state, and never with a modifier (0.106432ms)
✔ an unbound key selects nothing rather than the first tool (0.077831ms)
✔ the zone shortcuts are digits, not R, C and I (0.075721ms)
✔ right and middle drag are handled, not dropped (0.258766ms)
✔ right drag ORBITS: sideways turns, up and down tilts (0.219505ms)
✔ middle drag pans (0.180244ms)
✔ the keys still snap to the four comfortable angles (0.123702ms)
✔ a button drag works with a tool in hand (0.074231ms)
✔ the number of variants is written down once (2.145928ms)
✔ every category names every variant (0.676355ms)
✔ variantFor spreads over every variant (1.235626ms)
✔ a variant is a property of the building, not of the moment (0.117483ms)
✔ every style offers the same roof choices, so a style is not a different city (0.660915ms)
✔ there are enough roof colours that a street is not a pattern (0.153404ms)
✔ the roof choices are not all one hue (1.88774ms)
✔ every category the zones map to is one the kit builds (0.285776ms)
✔ a straight road of six tiles is two links, one each way (3.411423ms)
✔ a lane sits to the RIGHT of the centreline, which is which side of the road (0.44962ms)
✔ no link is shorter than a car (7.589279ms)
✔ every point of a link has a height, and the arc lengths are its own (0.383299ms)
✔ every link has a successor unless it ends at the edge of the road (2.382142ms)
✔ a successor starts where its predecessor ends (2.036284ms)
✔ preds is the reverse of next (1.38855ms)
✔ a T gives each approach a straight and a turn, and the stem two turns (1.632536ms)
✔ a crossroads gives every approach three ways out and no U-turn (2.540884ms)
✔ only a junction gets a signal (0.774736ms)
✔ a signal is periodic and never green both ways (2.125006ms)
✔ the amber is three seconds, twice a cycle (2.547305ms)
✔ two junctions do not change together (1.176655ms)
✔ sampling a link at its ends returns its ends (0.431909ms)
✔ sampling is monotonic along the link and gives a unit tangent (2.553795ms)
✔ sampling past the end clamps rather than running off (0.339347ms)
✔ an empty map has an empty lane graph rather than no lane graph (0.185094ms)
✔ the lane graph is a function of state, like the rest of the model (0.791377ms)
✔ the road's lane numbers are in data, not in the code (0.790937ms)
✔ every choice the screen offers survives into the options record (1.426921ms)
✔ every difficulty the screen offers is one the balance data knows (0.175184ms)
✔ every row's field is a real option, and every choice has a label key (0.208475ms)
✔ a hand-edited URL starts a game rather than being refused (0.585273ms)
✔ choices survive a round trip through the URL (0.329247ms)
✔ the shareable link carries the seed and only what differs from the defaults (0.715966ms)
✔ the default city is a standard region on steady, with disasters on (0.104753ms)
✔ singleplayer asks for one seat, and the seat count is the only thing 5.2 changes (0.287546ms)
✔ a city and a mayor can be named, and the name is capped (0.49445ms)
✔ an unnamed city is empty, not a placeholder (0.351108ms)
✔ the city name reaches the options record, where it is hashed (0.137243ms)
✔ the name travels with the shareable link (1.37918ms)
✔ every row belongs to a group, and every group has rows (0.826758ms)
✔ the budget is configurable and survives a round trip (1.099714ms)
✔ tile pixels come from the span, not from distance (1.169731ms)
✔ detail nobody can see is dropped whatever the budget allows (0.448809ms)
✔ a generous budget keeps full detail when it is resolvable (0.104902ms)
✔ a tight budget is met by stepping down (0.326967ms)
✔ props are sacrificed before buildings (0.110582ms)
✔ terrain sets a floor the ladder cannot go below (0.175514ms)
✔ the ladder terminates instead of looping forever (0.113142ms)
✔ an impossible budget is reported, not silently missed (0.218174ms)
✔ a block tree is not free (0.205295ms)
✔ the estimate does NOT charge twice for a shadowed caster (P35) (0.155993ms)
✔ visible bounds cover the view at every yaw (0.352057ms)
✔ counting only what is on screen is what makes the budget mean anything (0.118172ms)
✔ a low camera sees further, and the bounds have to know it (P34) (0.193694ms)
✔ the estimate charges for every network the renderer draws (P35) (0.530022ms)
✔ a junction's markings are counted, not assumed to be one (0.151414ms)
✔ the utility ribbons are a rung and a resolvability gate (V2) (0.161324ms)
✔ dropping the networks removes them from the estimate (0.083242ms)
✔ orthographic pixels per tile are unchanged (0.079252ms)
✔ at the orbit target the two projections agree (0.170274ms)
✔ under perspective a far chunk is smaller than a near one (0.131633ms)
✔ a chunk behind the camera does not come back as a huge one (0.117172ms)
✔ a chunk's plan is never finer than the frame's (0.174544ms)
✔ a chunk plan drops what its own zoom cannot resolve (0.072331ms)
✔ visible bounds under perspective reach further away than behind (0.156213ms)
✔ orthographic bounds stay centred on the target (0.075992ms)
✔ a camera near the horizon still returns finite bounds (0.128523ms)
✔ a point inside the footprint is inside it (0.141673ms)
✔ a trapezoid is what a tilted frustum actually lays on the ground (0.074172ms)
✔ no footprint means everything is inside, which is what ortho wants (0.067361ms)
✔ winding does not change the answer (0.160083ms)
✔ the per-chunk counts add up to the totals (0.979871ms)
✔ pricing per chunk is never more than pricing at the frame's plan (1.526219ms)
✔ street chunks are a zoom, not a tier setting (slice E3) (0.163814ms)
✔ a baked chunk is charged once a frame, and only when it is on screen (0.130203ms)
✔ the camera and the budget ask the same function where the eye is (R1.6) (0.753381ms)
✔ the eye arithmetic is written down once (2.856245ms)
✔ orthographic tile pixels read the VERTICAL extent, on a portrait screen too (A32) (0.243975ms)
✔ two triangles merge into one buffer of six vertices (0.9192ms)
✔ a box and a box merge to twenty-four triangles (5.234483ms)
✔ the matrix moves the positions (2.225568ms)
✔ the matrix rotates the normals WITHOUT translating them (0.230115ms)
✔ a normal survives a rotation as a direction (1.702016ms)
✔ colour lands per vertex, not per geometry (0.900169ms)
✔ uv comes through only when every input has one (0.254195ms)
✔ merging nothing is nothing, not a crash (2.403042ms)
✔ a geometry with no colour gets white rather than zeros (0.380678ms)
✔ a click lands on the tile it was aimed at (1.558478ms)
✔ a click outside the square lands on the edge rather than nowhere (0.143134ms)
✔ every region size fills the same square (0.161864ms)
✔ the viewport box is centred on the camera (0.205135ms)
✔ the box is wider than it is tall on a wide screen (0.144183ms)
✔ the box hangs over the edge rather than being clamped (0.111213ms)
✔ a box that covers everything is not drawn (0.140493ms)
✔ under perspective the minimap shows the FOOTPRINT, not a box round it (0.45704ms)
✔ under orthographic it is still a rectangle (0.135413ms)
✔ the footprint is in minimap pixels, like everything else here (0.336707ms)
✔ a covering ORTHOGRAPHIC view is still not worth drawing (0.106792ms)
✔ a covering perspective view IS worth drawing, because it has a direction (0.083832ms)
✔ in street mode the minimap knows where the walker is (1.195076ms)
✔ out of the street there is no walker to show (0.087922ms)
✔ every corridor gets a pavement on each side (4.480255ms)
✔ a pavement is on the pavement, not in the road and not in the gardens (1.39814ms)
✔ the two pavements of one corridor are on opposite sides (0.796547ms)
✔ a pavement stops short of the junction it runs into (2.070347ms)
✔ a crossing joins the two pavements of one corridor at a node (1.059203ms)
✔ a crossing knows which node and which axis it is on, so a signal reaches it (1.112404ms)
✔ every edge leads somewhere, and every node is reachable from an edge (4.943146ms)
✔ a pavement at a crossroads can be left by a crossing and by a corner (0.979961ms)
✔ a lot's door sits on the pavement it opens onto (0.769286ms)
✔ a door is on the near side of the street, not across it (0.44364ms)
✔ a lot with no road anywhere near it still gets a door rather than a crash (0.541402ms)
✔ how many people a pavement asks for follows the occupancy on it (0.698605ms)
✔ sampling an edge walks it end to end and clamps outside it (0.395699ms)
✔ a pavement is at pavement height, a kerb above the road (0.715916ms)
✔ the graph is a function of the state and nothing else (1.290988ms)
✔ the nearest lamps come back, nearest first (1.354539ms)
✔ the cap is a cap, and zero means none (0.182874ms)
✔ no lamp is handed out twice (1.333259ms)
✔ a lamp already lit is not dropped for one a metre nearer (0.214085ms)
✔ but it is dropped once the player has really walked past it (0.199174ms)
✔ the choice is stable: same input, same answer (0.367828ms)
✔ lamps are gathered from the chunks that hold them (0.289326ms)
✔ every command is either wired to the reducer or listed as not built (1.336979ms)
✔ nothing on the not-built list has quietly been built (0.140093ms)
✔ nothing on the not-built list has a control in the client (8.063359ms)
✔ every command the singleplayer game needs has a way to reach it (4.705191ms)
✔ the placeholder directories are still empty, or their slice has started (0.167983ms)
✔ every module the client imports actually exists (5.815427ms)
✔ Auto follows the tool in hand (0.554392ms)
✔ Auto shows nothing when nothing is held (0.087192ms)
✔ a chosen overlay beats the tool (0.059981ms)
✔ every layer Auto can pick is a real overlay (0.122813ms)
✔ every tool Auto knows about is a real tool (0.073641ms)
✔ Auto is not itself an overlay name (0.105132ms)
✔ the tools that change supply all have a layer (0.099113ms)
✔ the plane has one byte per tile, whatever the overlay (4.61841ms)
✔ every byte is a band the palette has a colour for (4.059898ms)
✔ the plane says exactly what bandAt says, tile for tile (0.5029ms)
✔ no overlay writes the whole plane as nothing (1.82818ms)
✔ no overlay is a wash of one colour either (0.523351ms)
✔ an unknown overlay clears the plane rather than leaving the last one on it (0.383369ms)
✔ NONE is a value the shader can test, not a band index (0.151623ms)
✔ the design's eleven overlays all exist (0.592202ms)
✔ every overlay declares a label and a legend (0.137423ms)
✔ every overlay bands every tile without throwing (1.038002ms)
✔ power reads the flag, not just the wire (0.193884ms)
✔ water reads its own flag and not power's (0.175394ms)
✔ zoning distinguishes the three zones and bare land (0.148773ms)
✔ severity overlays get worse as their layer gets worse (0.156754ms)
✔ land value and desirability get BETTER as they rise (0.074692ms)
✔ desirability is punished by pollution and crime, not only by value (0.135433ms)
✔ water tiles are not applicable to most overlays (0.156944ms)
✔ traffic is honest about being empty before the traffic slice (0.115102ms)
✔ an unknown overlay name bands nothing rather than throwing (0.4715ms)
✔ a city with buildings on it grows a crowd (25.626268ms)
✔ an empty city has nobody on it (5.113421ms)
✔ nobody walks in the carriageway (88.984872ms)
✔ a person stays on the edge they are on, between its ends (23.000868ms)
✔ the cap is a cap, and zero means none at all (9.065625ms)
✔ a busier city puts more people on the street than a quiet one (35.40861ms)
✔ no time passing means nobody moves, so `life=0` freezes the crowd (5.997719ms)
✔ a frozen city still has people standing on it (8.071395ms)
✔ a delta of several seconds does not teleport anybody (2.331ms)
✔ somebody stepping onto a crossing waits when the light is against them (25.46956ms)
✔ nobody waits for ever: every crossing is crossed (52.185663ms)
✔ somebody on a crossing is reported as something a car must stop for (A45) (17.973547ms)
✔ two runs of the same city are the same crowd (5.915779ms)
✔ on flat ground the march lands where the plane did (2.266419ms)
✔ a flat field raised to y = h is hit at y = h (0.229855ms)
✔ an oblique ray onto flat ground is still exact (0.178004ms)
✔ on a slope the pick lands on the visible face, not the y = 0 shadow (0.244065ms)
✔ the near face of a step is what gets picked, not the far side (0.199564ms)
✔ the march converges tightly enough to pick the right tile (0.201765ms)
✔ a ray that never meets the ground reports nothing (4.61709ms)
✔ a ray that starts underground reports nothing rather than a hit behind it (0.107612ms)
✔ the march gives up rather than running for ever (0.165084ms)
✔ a coarse field and a fine one agree on where the ground is (0.221585ms)
✔ the grades are data, one per time-of-day preset (1.240076ms)
✔ night is drawn in a softer line than noon (0.108962ms)
✔ the ink is a SECOND difference of depth, not a luminance edge (0.210485ms)
✔ depth is linearised before it is differenced, and the ortho branch exists (0.115463ms)
✔ a line is the same width near and far (0.063952ms)
✔ convex and concave are separate strengths (0.053601ms)
✔ the grade is a split tone, not a tint (0.063311ms)
✔ the target holds linear colour and the pass encodes on the way out (0.062661ms)
✔ every uniform the shaders declare is one the pipeline sets (0.48038ms)
✔ every uniform the grade names is one the shader reads (0.211064ms)
✔ the vertex shader is a full-screen triangle pair and nothing else (0.084932ms)
✔ xorshift32 produces its pinned sequence for seed 1 (4.723302ms)
✔ a zero seed is replaced, because zero is a fixed point of xorshift (0.170594ms)
✔ the same seed replays identically after copying (0.149343ms)
✔ nextInt stays in range and consumes deterministically (3.74423ms)
✔ nextInt has no modulo bias at an awkward bound (3.534266ms)
✔ degenerate bounds are handled without a draw (0.169284ms)
✔ nextRange is inclusive at both ends (0.538111ms)
✔ chance reads as the odds are written (0.868809ms)
✔ chanceIn handles its boundaries without consuming randomness (0.253346ms)
✔ shuffle consumes exactly one draw per element beyond the first (0.288877ms)
✔ shuffle is a permutation, and pinned for seed 42 (0.213814ms)
✔ pick draws from the list (0.172584ms)
✔ seedFromString is stable and case-sensitive (0.213555ms)
✔ mix32 decorrelates adjacent seeds (0.127012ms)
✔ streamSeed gives each subsystem an independent stream (0.121792ms)
✔ lamps stand on the pavement, never in the carriageway (0.938671ms)
✔ lamps alternate sides, so a street is not a runway down one edge (0.397628ms)
✔ lamps are spaced the way the data says (0.250045ms)
✔ a street with no length gets no lamps and does not throw (0.668975ms)
✔ the pass builds something, and its pieces are never empty (1.424251ms)
✔ the hedge leaves a gap for the path, and the path crosses it (1.240997ms)
✔ a lamp reports where its light hangs, and every id is its own (0.495991ms)
✔ engine/ and shared/ are free of Math.random (31.133442ms)
✔ engine/ and shared/ are free of Date.now (20.646876ms)
✔ engine/ and shared/ are free of new Date (12.681415ms)
✔ engine/ and shared/ are free of performance.now (8.684756ms)
✔ engine/ and shared/ are free of setTimeout/setInterval (7.306118ms)
✔ engine/ and shared/ are free of fetch (12.105762ms)
✔ engine/ and shared/ are free of DOM access (9.364593ms)
✔ engine/ contains no null literals (5.496648ms)
✔ engine/ and shared/ contain no float literals (7.698046ms)
✔ engine/ imports nothing outside engine/ and shared/ (1.533433ms)
✔ the purity guard actually catches a planted violation (0.306257ms)
✔ banned words in comments and strings do not trip the guard (0.155054ms)
✔ the viewer never imports the engine (4.382925ms)
✔ client/world stays pure: no three, no DOM, no clock (1.096863ms)
✔ client/world never imports client/render (1.295168ms)
✔ client/life keeps its own clock and never asks the machine for one (0.527022ms)
✔ the quality tier never reaches a command (ruling 040) (1.911191ms)
✔ the modules that node can load are the ones that carry decisions (24.86639ms)
✔ client/world imports three nowhere at all (0.725016ms)
✔ the precache list is current (14.635767ms)
✔ the version is the hash of the bytes, so a changed file is a new cache (34.707128ms)
✔ everything the app needs to boot is cached (0.267866ms)
✔ every precached file exists (0.860729ms)
✔ nothing that is not the app is cached (0.255335ms)
✔ the manifest is installable (0.149613ms)
✔ the page links the manifest and the worker registers itself (0.194915ms)
✔ the service worker keeps exactly one cache (0.927047ms)
✔ a new build reaches a player who already has the app (0.43859ms)
✔ a worker that takes over reloads the page exactly once (0.819182ms)
✔ a measure that does not exist is false, never a crash (2.080365ms)
✔ the language has no way to run code (0.280666ms)
✔ measures compare both ways (0.174724ms)
✔ all, any and not compose (0.280006ms)
✔ a crafted quest is offered, then completes, and pays (0.581482ms)
✔ quests can be turned off (0.646904ms)
✔ a choice writes a variable, and a later quest gates on it (0.538861ms)
✔ a choice cannot be made twice, or out of range (0.375998ms)
✔ quest progress is hashed and survives a copy (3.756761ms)
✔ quest variables are kept sorted so the hash never depends on order (0.569232ms)
✔ every authored quest is valid in the closed language (4.039793ms)
✔ the quest index lists every quest file (0.349487ms)
✔ the authored catalogue has a reachable starting point (0.180584ms)
✔ every authored quest is reachable from the start (0.495861ms)
✔ the tutorial chain teaches the things the MVP needs (0.378108ms)
✔ every measure the engine offers is a real one (0.406679ms)
✔ the catalogue holds the content slice 4.3 asks for (0.379698ms)
✔ every civic event can fire without a quest before it (2.11015ms)
✔ every word the advisor says exists in both locales (0.625673ms)
✔ no quest carries prose instead of a key (0.314567ms)
✔ every string in the catalogue can be reached by the interface (10.409485ms)
✔ nothing on the not-yet list is already being shown (4.423406ms)
✔ the not-yet list has no entries for keys that no longer exist (0.141553ms)
✔ every reason the reducer can give has words in both locales (0.176013ms)
✔ the advisor's × is withheld while a card is asking a question (0.381568ms)
✔ dismissing is per quest, so the next one is news again (0.257055ms)
✔ every panel with a close button has a label for it (0.306567ms)
✔ an unknown command is refused, never silently dropped (2.438533ms)
✔ a command from a seat that never joined is refused (0.538632ms)
✔ the tick needs no actor — the clock is not a player (0.279266ms)
✔ a thousand empty ticks are hash-stable across two engines (5.08237ms)
✔ empty ticks do not consume randomness (0.236385ms)
✔ the clock divides into months and years (0.121633ms)
✔ monthly and yearly systems fire on their boundaries only (0.323617ms)
✔ joining takes a seat and starts a treasury (0.369088ms)
✔ seats are kept in seat order regardless of arrival order (4.123229ms)
✔ a seat beyond the room's cap is refused (0.878119ms)
✔ leaving does not destroy the seat — the land is still theirs (0.336168ms)
✔ rejoining reclaims the same seat with its money intact (0.813668ms)
✔ AFK is a status, not a departure (0.228625ms)
✔ a refused command leaves the state exactly as it was (1.464172ms)
✔ area commands are declared, so the client knows what to coalesce (0.111143ms)
✔ the command vocabulary is discoverable for the chaos injector (0.103283ms)
✔ copyState gives a snapshot that the reducer cannot reach back into (0.899589ms)
✔ the renderer's constants mirror matches the engine exactly (0.822668ms)
✔ the mirror covers everything the renderer actually reads (0.117492ms)
✔ there is a terrain colour for every terrain type (0.337647ms)
✔ there is a zone colour for every zone (0.081462ms)
✔ player colours stay distinguishable under colour-vision deficiency (1.162682ms)
✔ no two player colours are identical to begin with (0.287236ms)
✔ there are sixteen player colours, one per seat (0.089632ms)
✔ pseudo is deterministic, stable and spread (0.658014ms)
✔ adjacent ids get different variants (0.705425ms)
✔ building colour lifts with value tier and stays in range (0.397519ms)
✔ the style palettes are complete (0.288826ms)
✔ every style palette differs from every other (0.107423ms)
✔ each style bakes a different face contrast (0.075532ms)
✔ plain is lit softly and painted is not (0.084332ms)
✔ the pixel style asks for no lighting at all (0.062311ms)
✔ face contrast pulls shades towards flat without inverting them (0.103732ms)
✔ an empty zoned lot is drawn (0.175154ms)
✔ a zoned lot stops being tinted once it is built on (0.088562ms)
✔ a power line is drawn on every tile it covers, not every third (0.059621ms)
✔ water pipes are drawn at all (0.099042ms)
✔ the zone tint keeps enough of its own colour to tell R from C from I (0.139023ms)
✔ wire and pipe are drawn joined, like roads (0.156573ms)
✔ an arm reaches exactly half a tile, so two neighbours meet (0.059341ms)
✔ an isolated network tile still draws its hub (0.044101ms)
✔ the road follows the ground, so an elevation step is not a green seam (0.213655ms)
✔ a network ribbon is one width from end to end (0.730956ms)
✔ wire and pipe cross a road instead of vanishing under it (0.165203ms)
✔ road markings are drawn from the road's own connection mask (0.065491ms)
✔ a corner joins, a junction opens, a straight road keeps its dash (0.036341ms)
✔ the marking pools survive four arms a tile (0.047341ms)
✔ the road is painted into the ground, not stacked on top of it (0.192334ms)
✔ a network ribbon is a quad again, not a box (0.066381ms)
✔ the triangle budget is spent against MEASURED ground costs (0.064802ms)
✔ the scene asks the governor before it draws an optional pass (0.124413ms)
✔ the frame time is measured where wall-clock time means something (0.242845ms)
✔ the cars are posed into the pools the parked ones use (0.192564ms)
✔ a rebuilt world rebuilds the traffic with it (0.149863ms)
✔ ?life=0 reaches the renderer, or no picture gate is repeatable (0.104562ms)
✔ one ray builder, and both projections go through it (0.107562ms)
✔ the sky and the haze are perspective only, and cost one draw call (0.149713ms)
✔ the projection reaches the renderer from the settings panel (0.144263ms)
✔ every instanced piece is placed against the height field (0.371808ms)
✔ the budget measures the SCENE, not the full-screen quad (slice P2) (0.326867ms)
✔ the shot harness reads the same number the budget does (1.469968ms)
✔ a GLSL local never shadows a builtin the same shader calls (0.538942ms)
✔ the pools are settled AFTER the cars are posed (R1.2) (0.383689ms)
✔ only the cars on screen are counted for the budget (R1.1) (6.056051ms)
✔ a straight ribbon is two triangles per step (2.78969ms)
✔ a ribbon is the width it was asked for (0.45579ms)
✔ every vertex sits on the ground plus the lift (0.554372ms)
✔ camber lowers the edges and leaves the centre alone (0.209615ms)
✔ a ribbon round a corner keeps its width (0.133393ms)
✔ normals point up on flat ground (0.187534ms)
✔ uv runs in metres along the ribbon (0.148794ms)
✔ a degenerate polyline is nothing, not a crash (0.168354ms)
✔ a skirt hangs from the edge and is vertical (0.552182ms)
✔ a skirt follows the ground it hangs from (0.669485ms)
✔ a sagging wire dips in the middle and meets its poles (0.334047ms)
✔ a wire between poles at different heights still sags below both (1.38912ms)
✔ explicit heights override the field, for a wire that hangs (3.545568ms)
✔ every ribbon face is wound the way its normal points, whichever way the road runs (1.291838ms)
✔ a kerb face points away from the carriageway on both sides (0.876562ms)
✔ a dash that straddles a bend keeps the bend's vertex (0.543312ms)
✔ dashes are the length asked for, and stop before the end of the line (0.292587ms)
✔ a line shorter than one dash gets none (1.109484ms)
✔ every kind builds something, and only the kinds it knows (3.198279ms)
✔ no roof has a hole in it: every edge is used an EVEN number of times (1.926236ms)
✔ the single-shell roofs are manifold: every edge used exactly twice (0.607393ms)
✔ a pitched roof overhangs its walls on every side (0.353918ms)
✔ a pitched roof rises and a flat one does not (0.205984ms)
✔ a gable ridges along the LONG axis, so a terrace runs with the street (0.343868ms)
✔ a sawtooth has more than one tooth on a long shed (0.238245ms)
✔ every normal is a unit vector (0.339448ms)
✔ winding agrees with the normals, or half of it is culled (slice E3's lesson) (0.47007ms)
✔ the engine's mirror matches data/balance.json exactly (1.344459ms)
✔ every balance era has a sweep report that justifies it (0.352618ms)
✔ every balance number is an integer (0.334917ms)
✔ difficulty tiers move in the directions they claim (0.157263ms)
✔ build costs scale with difficulty (1.819623ms)
✔ an unknown difficulty falls back to steady rather than to nothing (0.252095ms)
✔ an unknown build key costs nothing rather than NaN (0.097112ms)
✔ the tax drag table spans the whole tax range (0.055271ms)
✔ the multiplayer thresholds match the ruling (1.199126ms)
✔ run-length coding round-trips a layer exactly (1.172655ms)
✔ run-length coding handles the degenerate shapes (0.111802ms)
✔ a lived-in city survives the round trip byte for byte (35.084412ms)
✔ a reloaded city continues identically (24.554639ms)
✔ players, buildings and money all come back (6.515142ms)
✔ a tampered save is refused rather than quietly loaded (5.727474ms)
✔ a save from a newer build is refused with a clear reason (0.229435ms)
✔ a save from an unknown older version is refused, not guessed at (0.154493ms)
✔ a registered migration is applied (0.511191ms)
✔ junk is refused without throwing (0.274176ms)
✔ an option added since the save was written gets its default (0.308816ms)
✔ a truncated tile layer is refused (0.158243ms)
✔ a save of a large region stays a sensible size (28.49746ms)
✔ every language offered is a language that exists (0.887859ms)
✔ languages are named in their own language, never translated (0.180214ms)
✔ no setting is a game option in disguise (0.118142ms)
✔ a corrupt stored preference still starts the game (0.847738ms)
✔ the browser's language is the default, when it is one we speak (1.494373ms)
✔ auto motion hands the question back to the operating system (0.181954ms)
✔ high contrast is off unless it is asked for (0.104383ms)
✔ every row has at least two choices and a label (0.183994ms)
✔ the mixer is handed values, never the settings object or state (0.222495ms)
✔ sound is on by default, at a level that does not startle (0.209744ms)
✔ a corrupt volume falls back rather than deafening anyone (0.137713ms)
✔ every volume step is a level the mixer can use (0.195374ms)
✔ a skin is chrome only, and clean is the bare stylesheet (0.154293ms)
✔ every skin the panel offers has rules in the stylesheet (0.367728ms)
✔ the tier is offered, and it is three choices (0.102322ms)
✔ the tier defaults from the device, and a phone does not get High (0.075961ms)
✔ a stored tier survives a round trip, and a bad one does not stop the game (0.076561ms)
✔ the tier is a preference, never a game option (0.082121ms)
✔ every tier names every knob, and they are ordered (0.161413ms)
✔ no tier knob is a simulation knob (0.96634ms)
✔ the projection is offered, and a coarse pointer gets the flat one (0.167484ms)
✔ the projection is a preference, never a game option (0.093442ms)
✔ the hour defaults to day and survives a nonsense stored value (0.110472ms)
✔ `auto` is the only hour the game clock is allowed to move (0.224044ms)
✔ the render style is a setting, defaulting to painted where there is a machine for it (0.111792ms)
✔ a signalled junction gets a head on every approach (5.731203ms)
✔ an unsignalled node gets none (1.83287ms)
✔ a head stands at the kerb, not in the road and not in a garden (1.651686ms)
✔ a head stands back from the junction box, where a driver can see it (0.95115ms)
✔ every head knows its node and its axis, so a lens can be lit (0.834008ms)
✔ the lens reads the same phase the cars do (0.896159ms)
✔ green, amber and red are three colours a driver can tell apart (0.249055ms)
✔ a signalled junction gets crossing bars on every approach (1.127585ms)
✔ the bars lie across the carriageway, not along it (5.646452ms)
✔ an unsignalled node has no crossing painted on it (0.803677ms)
✔ heads and bars are a function of the model and nothing else (1.565834ms)
✔ a fresh state is entirely hashable (1.327648ms)
✔ every tile layer is allocated at map size (0.249575ms)
✔ a fresh map is grass owned by nature (0.193414ms)
✔ the same options produce the same hash (1.37551ms)
✔ a different seed produces a different hash (2.425892ms)
✔ every option is hashed — options are part of the replay contract (4.107199ms)
✔ the city's name is capped and sanitised before it reaches the hash (0.707515ms)
✔ mutating a copy never touches the original (1.20076ms)
✔ every nested array in state is deep-copied (0.475961ms)
✔ tile changes reach the hash (0.45405ms)
✔ every tile layer is hashed (3.23127ms)
✔ seat caps follow map size (0.118873ms)
✔ copyOptions carries every declared field and nothing else (0.332138ms)
✔ defaults match the rulings (0.177344ms)
✔ FNV-1a 64 matches its published vectors (1.476912ms)
✔ the 32-bit lanes carry correctly across the whole byte range (0.167444ms)
✔ hashing is order-sensitive (0.087242ms)
✔ a one-bit change changes the digest (0.080082ms)
✔ digests are always sixteen hex characters (0.521011ms)
✔ incremental hashing equals one-shot hashing (0.165694ms)
✔ canonical writers produce little-endian bytes (0.561532ms)
✔ negative integers round-trip through writeI32's byte pattern (0.190864ms)
✔ writeI64 splits wide values into two lanes rather than a double (0.278956ms)
✔ the sink grows without corrupting what it already holds (0.833048ms)
✔ strings are length-prefixed UTF-8 (0.280296ms)
✔ bools and lists write through explicit item writers (0.173694ms)
✔ writeBytes is length-prefixed (0.101702ms)
✔ assertHashable accepts what state is allowed to contain (0.175053ms)
✔ assertHashable rejects every way a hash can stop being reproducible (0.46821ms)
✔ assertHashable names the path to the offending value (0.097123ms)
✔ autosave fires on its interval and not on every tick (1.281348ms)
✔ autosave never fires backwards after a load (0.116523ms)
✔ there are three manual slots and one autosave slot (0.127952ms)
✔ a slot summary says enough to choose between two cities (25.054641ms)
✔ slots sort newest first, and empty slots sink (0.591853ms)
✔ an exported save round-trips to the same city, hash for hash (4.076332ms)
✔ an export names itself so a file on disk is identifiable (3.437784ms)
✔ import refuses rubbish rather than half-loading it (0.147373ms)
✔ import refuses a save from a future version (0.346588ms)
✔ a save carries the nested records that reach the hash (6.00911ms)
✔ a save survives a field being added to the projection (2.228667ms)
✔ buckets split on transparency (1.192525ms)
✔ buckets split on emissive, so night can dial them separately (0.533352ms)
✔ buckets split on side and on bands (0.306096ms)
✔ two plain pieces share one bucket (0.127693ms)
✔ the nearest missing chunk is the one built (0.259795ms)
✔ a live chunk whose hash moved is rebuilt before a farther missing one (0.144393ms)
✔ nothing to do is nothing to do (0.092482ms)
✔ one decision per call, whatever else is missing (0.177804ms)
✔ a chunk outside the radius survives the grace period (0.90314ms)
✔ a chunk still wanted is never dropped, however old (0.427629ms)
✔ expiry names every chunk that qualifies, not just the first (0.307196ms)
✔ a change in one chunk leaves the others alone (0.237505ms)
✔ lamps march along a corridor at the spacing the data asks for (2.437252ms)
✔ lamps alternate sides (0.230035ms)
✔ a lamp stands clear of the line a walker walks (A43) (0.157654ms)
✔ a lamp is a thin box, not a cube round its head (0.315177ms)
✔ a hedge leaves the gap the path goes through (0.708605ms)
✔ a frontage too short for a gate gets no hedge rather than a negative one (2.971494ms)
✔ the furniture boxes are seated on their own ground, not on zero (0.221205ms)
✔ a hedge box is thin and low — a wall you can see over and not step over (0.149583ms)
✔ engine/ is free of class declarations (ruling 004) (21.142921ms)
✔ engine/ is free of `this` (ruling 004) (9.886162ms)
✔ engine/ is free of `new` (ruling 004) (11.84955ms)
✔ engine/ is free of Map (ruling 004) (7.214767ms)
✔ engine/ is free of Set (ruling 004) (8.30743ms)
✔ engine/ is free of WeakMap/WeakSet (ruling 004) (9.517755ms)
✔ engine/ is free of throw (ruling 004) (8.286238ms)
✔ engine/ is free of try/catch (ruling 004) (6.103791ms)
✔ engine/ is free of async (ruling 004) (4.521508ms)
✔ engine/ is free of await (ruling 004) (6.434444ms)
✔ engine/ divides through idiv(), never bare `/` on integers we care about (4.630382ms)
✔ the subset guard actually catches a planted violation (0.219045ms)
✔ the three presets are the three the spec names, and they are data (1.452552ms)
✔ an unknown preset falls back to day rather than throwing (0.207284ms)
✔ night is fully night and day is exactly zero of it (0.257946ms)
✔ blending reaches each end exactly (0.227085ms)
✔ a blend is between its ends, in numbers and in colours (0.426279ms)
✔ setting a preset arrives at it, over about a second (0.388659ms)
✔ a second `set` to the same preset does not restart the fade (0.193855ms)
✔ no time passing means nothing moves, so `life=0` freezes the hour too (0.306927ms)
✔ the first preset is arrived at immediately, not faded in from nowhere (0.390548ms)
✔ changing the target mid-fade continues from where it is (0.343387ms)
✔ the clock walks day, sunset, night and back (0.218495ms)
✔ the schedule spends most of the day in daylight (0.102992ms)
✔ a preset scales the rig rather than replacing it (0.702515ms)
✔ a rig with no key is left with no key (0.137663ms)
✔ the light cycle runs on the WALL clock, not the game clock (R2) (1.756018ms)
✔ every named ramp exists and is a ramp (2.900612ms)
✔ a band count is a band count (0.142543ms)
✔ the soft ramps step more gently than the hard ones (0.148174ms)
✔ an unknown ramp falls back rather than throwing (0.091512ms)
✔ the ramp texture is NEAREST, or it is not a ramp at all (0.297126ms)
✔ every style declares its rig, its shading and its finish (0.123053ms)
✔ the material is chosen by the shading, not by the style's name (0.569673ms)
✔ the anime rig is a temperature split, not a dimmer (1.491982ms)
✔ the toon ramp already quantises, so the baked contrast comes down (0.709175ms)
✔ the scene builds the lights the rig names, and no others (0.773497ms)
✔ the shadow camera follows the target and snaps to a texel (0.299706ms)
✔ the toon patch checks the chunk it is patching (0.169214ms)
✔ the painted palette is distinguishable under colour-vision deficiency (0.494661ms)
✔ painted is a different palette, not a tint of plain (0.166433ms)
✔ the painted ground is less saturated than plain's, and its walls warmer (0.112052ms)
✔ the rig's shadow fields are read by something (0.410108ms)
✔ commuters put traffic on the road between home and work (2.450792ms)
✔ traffic is heaviest near the jobs (0.649464ms)
✔ no road means no traffic and no crash (0.991171ms)
✔ homes with no route to work are counted, not silently dropped (0.473791ms)
✔ traffic decays instead of accumulating forever (2.669243ms)
✔ congested roads pollute (0.362308ms)
✔ traffic is deterministic (5.633182ms)
✔ the traffic summary is hashed (1.413641ms)
✔ an empty region costs nothing and says nothing (1.145895ms)
✔ the engine's catalogue mirrors data/buildings.json (1.947682ms)
✔ every catalogue entry is complete and integral (0.302496ms)
✔ a plant is placed, paid for, and occupies its whole footprint (1.770482ms)
✔ a footprint that would overlap anything is refused (0.415999ms)
✔ a surface pump needs a shore; a groundwater pump does not (0.482161ms)
✔ placing on a neighbour's land is refused (0.200894ms)
✔ an unknown definition is refused (0.523291ms)
✔ a plant with no wire supplies nobody (0.564352ms)
✔ an unconnected consumer counts as unmet demand, not absent demand (0.404119ms)
✔ a wire joins a plant to a consumer (1.067354ms)
✔ two separate networks do not share supply (0.579602ms)
✔ a component short of capacity browns out entirely, not at random (1.958292ms)
✔ water flows through pipes, independently of power (0.520496ms)
✔ a placed building is never demolished by the development pass (10.777963ms)
✔ a lot that loses its supply decays (7.210856ms)
✔ the supply pass is deterministic and does not touch the hash by itself (1.695247ms)
✔ supply figures survive a state copy (0.211604ms)
✔ the eye lands 1.62 m above whatever it is teleported onto (7.502582ms)
✔ a second of walking is 1.6 m and a second of running is 4 (3.69326ms)
✔ a diagonal is not faster than a straight line (1.433491ms)
✔ no input and no time move nothing (1.551833ms)
✔ walking into a building stops at its wall, radius and all (4.800178ms)
✔ a kerb is a step, and the eye rises by it (0.989772ms)
✔ look wraps in yaw and clamps in pitch (0.685434ms)
✔ a tap walks there and stops on arrival (1.860641ms)
✔ a held key outranks a tap, and a wall cancels it (1.006385ms)
✔ a water tile knows its own surface, and it is the land there (1.785089ms)
✔ a lake is level, whatever the land around it does (0.384538ms)
✔ a river running downhill steps down with its valley (0.259645ms)
✔ dry land has no surface at all (0.155663ms)
✔ shallow counts as water (0.223555ms)
✔ open water is deep and the shore is not (0.308337ms)
✔ depth never exceeds what the data asks for (1.334668ms)
✔ a one-tile puddle is all shore, so nothing falls into it (0.48953ms)
✔ heightAt over open water is the BED, not the surface (2.308673ms)
✔ surfaceAt on water is the water, at the water's own level (E8) (1.040932ms)
✔ the shoreline is where the bed comes up through the surface (0.541622ms)
✔ a road over water is a causeway at the water's surface, not on the bed (2.610413ms)
✔ only the chunks with water in them get a surface (0.765146ms)
✔ a map with no water asks for no surfaces at all (0.119232ms)
✔ the water is a function of the state and nothing else (2.212128ms)
✔ the config mirror matches data/cityviewer.json (1.744147ms)
✔ a tile is twenty metres and relief is half a metre a step (rulings 035, 038) (0.128773ms)
✔ a straight road of N tiles is one corridor of N × TILE_M less nothing (6.121936ms)
✔ a T is one junction and three corridors; an X is four (2.213894ms)
✔ a bend is two corridors and a connector curve through the node (0.728446ms)
✔ a ring of road with no node still becomes a corridor (1.222056ms)
✔ nodeKind reads a mask the way the road renderer does (0.167604ms)
✔ surfaceAt puts the pavement a kerb above the carriageway (slice E3) (0.827218ms)
✔ surfaceAt says road on a road tile's centre, sidewalk beside it, ground beyond (0.569782ms)
✔ an isolated road tile is a node with a road surface (0.357848ms)
✔ the land is bilinear over averaged corners, in metres (0.596897ms)
✔ a corridor is level across its width on a cross-slope, and blends back out (0.729305ms)
✔ heightAt inside a road follows the STREET, not the hill under it (1.260787ms)
✔ a graded street still climbs the hill (0.444099ms)
✔ the junction box at each end of a street is level (0.48146ms)
✔ every corridor reports the grade it ended up with (1.060209ms)
✔ a water tile never rises above the water level (0.203734ms)
✔ a lot fronts the road beside it, and a corner lot picks one side by hash (0.808688ms)
✔ a lot with no road beside it faces the nearest corridor; none at all faces north and says so (0.647914ms)
✔ a lot is the rectangle in metres inset by its zone's setback, and a 2×1 shop has two bays (0.251105ms)
✔ a building is seated on the lowest of its corners (0.213484ms)
✔ building parameters are a function of the record and its id, and agree with the kit's formula (0.388898ms)
✔ ownership overrides the individual: family colour and a darkened roof (0.081091ms)
✔ height and storeys grow together with development level (0.049441ms)
✔ the hashes are stable and spread (0.140793ms)
✔ setConfig changes the frame for the next model (0.222395ms)
✔ the same seed and options generate an identical region (20.54209ms)
✔ a different seed generates a different region (7.274128ms)
✔ generated terrain is hashable — no floats leaked into elevation (1.548624ms)
✔ elevation covers a range rather than a constant (4.047893ms)
✔ terrain style changes the relief, in the direction it claims (5.405685ms)
✔ each water style produces the kind of water it promises (5.210513ms)
✔ a river reaches across the region rather than stopping in the middle (0.572193ms)
✔ deep water is always ringed by shallows, and shallows by sand (0.786236ms)
✔ tree density controls how much forest appears (1.84757ms)
✔ districts partition the buildable map without leaving orphans (4.924232ms)
✔ district ids stay within the requested count (2.343856ms)
✔ the fairness gate rejects an unequal partition (0.306247ms)
✔ water access is reported, not required — groundwater works anywhere (0.429009ms)
✔ scenario generation can still demand waterfront for every seat (0.119632ms)
✔ the fairness gate rejects an isolated district (0.155963ms)
✔ the fairness gate accepts a reasonable partition (0.112472ms)
✔ generateWorld returns a region that passed the gate (2.679828ms)
✔ a re-roll is deterministic — the same input seed gives the same finished region (3.614798ms)
✔ a dry region is generated, and runs on groundwater rather than failing (1.774473ms)
✔ a district with no water is still refused when the region has water (0.084311ms)
✔ the region describes itself from what was actually generated (0.585472ms)
✔ island counting ignores specks (0.446209ms)
✔ water is never buildable and buildable is never water (0.652274ms)
ℹ tests 1034
ℹ suites 0
ℹ pass 1034
ℹ fail 0
ℹ cancelled 0
ℹ skipped 0
ℹ todo 0
ℹ duration_ms 563.032612
=== run 2 ===
✔ city fog follows the zoom, as it always has (2.102746ms)
✔ a tiny span does not put the haze inside the camera (0.127323ms)
✔ orthographic has no haze at all (0.100232ms)
✔ street fog is METRES, and does not care what the span was (0.611123ms)
✔ street fog still reaches further at dusk than at noon (0.132333ms)
✔ street fog is inside the far plane, or it never reaches full (0.139173ms)
✔ the dome sits inside the far plane, whichever mode it is (0.158683ms)
✔ the dome is far bigger in the city than in the street (0.136703ms)
✔ the dome is beyond the fog, so it is a gradient and not a wall (0.170744ms)
✔ a view with no perspective planes falls back rather than throwing (0.189194ms)
✔ a muted client and a loud one stay hash-identical (48.361025ms)
✔ ambience reads state without touching it (0.512151ms)
✔ fifty-nine shortfalls make one sound, not fifty-nine (0.159304ms)
✔ a tick is capped, and keeps the worst (0.218595ms)
✔ unknown events make no sound rather than an unknown one (0.657795ms)
✔ a refusal is audible, and success is quieter than failure (0.138113ms)
✔ ambience is an integer that rises with the city and stops rising (0.136483ms)
✔ every cue names a voice the mixer has (1.360029ms)
✔ every cue lands on a bus the mixer creates (0.199374ms)
✔ street ambience follows the road under the walker, not the whole city (0.836818ms)
✔ a quiet street in a big city is still quiet (0.167223ms)
✔ a busy street in a small city is still busy (0.164333ms)
✔ the level is an integer between 0 and 100, like the city's (0.154753ms)
✔ off the map is silence rather than a crash (0.171244ms)
✔ a road is placed, paid for, and claims the ground for its builder (3.160082ms)
✔ a straight road connects along its length (0.326237ms)
✔ a corner becomes a corner when the next tile arrives (0.264005ms)
✔ a drag is one command, and its whole path connects (0.890069ms)
✔ placing over an existing road is free rather than double-charged (0.247335ms)
✔ a bridge over water costs more than a road on land (0.209394ms)
✔ clearing forest to build costs extra (0.173334ms)
✔ rock refuses a road (0.185634ms)
✔ the quoted price is exactly what is charged (0.860928ms)
✔ an unaffordable edit changes nothing at all (1.898111ms)
✔ an edit that fails at the last tile leaves the first tiles untouched (0.653754ms)
✔ bulldozing removes what the actor owns and returns the ground to nature (0.367088ms)
✔ bulldozing a neighbour's road is refused — this is the whole design (0.546291ms)
✔ building on a neighbour's land is refused when borders are closed (0.226795ms)
✔ open borders let a neighbour run a road across, but not demolish (0.184824ms)
✔ anyone may build on the commons; only the builder may remove it (0.182524ms)
✔ undo reverses exactly one action, money included (0.649004ms)
✔ undo is refused once a neighbour has built on the same ground (0.288926ms)
✔ undo does not stack — it is one deep per player (0.171093ms)
✔ a malformed run list is refused before a single tile is touched (0.481361ms)
✔ a drag larger than the cap is refused rather than truncated (0.138103ms)
✔ wires and roads occupy the same tile independently (0.179114ms)
✔ two engines given the same commands agree exactly (3.171999ms)
✔ permission matrix: every command against every ownership relation (0.647604ms)
✔ permission matrix: zoning and placement obey the same rules (0.765996ms)
✔ permission matrix: every registered command is covered by a row (0.543142ms)
✔ permission matrix: no command ever mutates a tile the actor does not own (0.340527ms)
✔ cars never overlap, however long they run (26.403525ms)
✔ nobody drives backwards, and nobody exceeds the speed limit (35.668628ms)
✔ a car keeps a gap that grows with speed (24.241338ms)
✔ a busy road fills to its target density and stays there (55.103205ms)
✔ an empty road is empty, and a quiet one is quieter AND faster (24.650358ms)
✔ the cap is a cap (10.171636ms)
✔ a red light stops the first car short of the junction (64.351324ms)
✔ a queue forms behind a red and clears on green (85.586857ms)
✔ one city, one seed, two identical runs (10.938796ms)
✔ nothing here touches Math.random or the clock (5.693704ms)
✔ freezing leaves cars on the road but stops the clock (1.759963ms)
✔ a car that reaches the end of the road leaves (25.744895ms)
✔ a car never sits on a link that is not in the graph (20.034423ms)
✔ a road with nowhere to go still runs (0.253276ms)
✔ a junction's desired speed is never looked up by a node id (R1.3) (0.464341ms)
✔ a car carries a desired speed, and a loaded road slows it (2.6065ms)
✔ only the cars on screen are posed, and the count agrees with the pose (4.475146ms)
✔ no bounds means the whole city, so nothing else has to know about this (1.342719ms)
✔ a car stops for somebody standing in the road (7.88056ms)
✔ nobody is driven over (9.832194ms)
✔ the road clears again once they are off it (5.206287ms)
✔ an empty yield list costs nothing and changes nothing (3.128873ms)
✔ a car carries a lamp at each end, and they are at each end (1.449812ms)
✔ the lamps sit at the car's own height, not on the road (2.689955ms)
✔ nobody's lights are on by day (1.001152ms)
✔ at night every car on screen is lit, at both ends (1.973063ms)
✔ chaos: 4000 random commands across four seeds leave state sound (29.673992ms)
✔ chaos applies a meaningful fraction — a fuzzer that only bounces proves nothing (6.97941ms)
✔ prototype keys are refused rather than invoked (0.255105ms)
✔ a refused command never moves the hash (0.389008ms)
✔ isIntInRange rejects everything that is not an integer in range (0.186284ms)
✔ isIntArray rejects ragged and oversized input (0.134763ms)
✔ sanitiseText strips control characters and normalises whitespace (0.111032ms)
✔ sanitiseText truncates by byte budget (0.088512ms)
✔ sanitiseText never splits a surrogate pair (0.629324ms)
✔ a name longer than the limit is cut, not rejected (0.402629ms)
✔ the territory overlay is part of a chunk's identity (V7, A44) (2.31083ms)
✔ a hash is stable for a state that has not changed (0.270166ms)
✔ painting a road in the chunk changes its hash (0.371648ms)
✔ painting a road ELSEWHERE does not (0.216845ms)
✔ every layer the chunk draws is in its hash (3.200328ms)
✔ a building anchored in the chunk is in its hash, and one outside is not (0.364698ms)
✔ two different chunks of an empty map still differ (0.881289ms)
✔ the hash is a number, and a stable one across runs (0.373828ms)
✔ chunks come back nearest first (0.294087ms)
✔ the radius is a radius, in chunks (0.215675ms)
✔ chunks off the map are not offered (0.147023ms)
✔ a key round-trips (0.702265ms)
✔ a lot straddling a boundary is claimed by exactly one chunk (0.339647ms)
✔ every lot is claimed exactly once (0.301726ms)
✔ monthly systems run in a declared order, not in import order (0.864279ms)
✔ industry pollutes, and pollution spreads to its neighbours (9.791541ms)
✔ a coal plant pollutes more than a wind turbine (1.005051ms)
✔ forest cleans the air, which makes protecting it a mechanical choice (4.983948ms)
✔ a station covers its radius and falls off with distance (7.377159ms)
✔ an unpowered station covers less than a powered one (0.93639ms)
✔ police coverage reduces crime (4.515383ms)
✔ no clean water is the largest health risk there is (2.552085ms)
✔ a hospital reduces health risk nearby (1.749968ms)
✔ land value rises by water and falls beside industry (1.128274ms)
✔ services raise land value (2.074095ms)
✔ high crime and high pollution are reported, not left to be noticed (0.885419ms)
✔ a fire burns, spreads, and can destroy the building it started in (3.617478ms)
✔ a fire goes out eventually, even with no fire service at all (2.192438ms)
✔ fire cover makes a city measurably safer (1.040532ms)
✔ a burnt building leaves ruins, and ruins block rebuilding (0.855668ms)
✔ bulldozing clears ruins (0.47592ms)
✔ the whole lot burns, never half of it (6.296361ms)
✔ ignition is rarer in a well-covered city (315.249712ms)
✔ the civic pass is deterministic (10.262192ms)
✔ funding scales what a station covers (1.045292ms)
✔ funding scales what a department costs (0.306066ms)
✔ a funding rate outside the range is refused, not clamped (0.275866ms)
✔ every service a building offers has a funding level (0.116923ms)
✔ every lot is one solid, seated on its own ground and taller than a walker (6.340107ms)
✔ a walker 0.2 m inside a wall is pushed OUT to exactly its radius (1.609245ms)
✔ a walker just outside a wall is pushed clear of it, not through it (1.433701ms)
✔ a walker outside everything is left exactly where it is (1.376664ms)
✔ a walker above the roof is not stopped by the building under it (1.580404ms)
✔ a doorway 1.8 m wide passes and 0.6 m does not (1.270078ms)
✔ a corner leaves the walker outside the lot, not inside its neighbour face (0.812147ms)
✔ floorAt steps up a kerb and refuses a wall (0.619533ms)
✔ the step-up limit is a limit and not a fence: down is always allowed (1.430131ms)
✔ the hash returns everything brute force does, on two hundred points (5.562692ms)
✔ a lamp post is something you bump into (3.652849ms)
✔ a lamp post does not stand where the walker walks (A43) (0.731285ms)
✔ a bin is stepped over, not walked round (0.815488ms)
✔ the furniture does not turn a street into a corridor of posts (0.520482ms)
✔ a walker cannot walk into deep water (0.659795ms)
✔ the very edge of the water can be waded (1.255646ms)
✔ a causeway over water is walkable, and stepping off it is not (0.748636ms)
✔ zoning costs money and claims unowned ground (2.31516ms)
✔ water cannot be zoned (0.361048ms)
✔ an invalid zone type is refused (0.351497ms)
✔ zoning a neighbour's land is refused (0.186064ms)
✔ a developed lot must be demolished, not dezoned (11.770099ms)
✔ nothing develops without road access (1.262178ms)
✔ road access is measured around the whole footprint (0.186554ms)
✔ zoned land beside a road develops (5.408337ms)
✔ a wide block of zoning grows into larger lots (3.175258ms)
✔ a building owns every tile of its footprint, and only those (1.415251ms)
✔ demand is regional, not per-player (ruling 001) (1.116295ms)
✔ an empty region wants residents (0.102212ms)
✔ vacant housing suppresses residential demand (0.074801ms)
✔ jobs pull residents and residents pull shops (0.562462ms)
✔ taxes drag on demand (0.107182ms)
✔ demand moves toward its target rather than jumping (0.337377ms)
✔ demand stays inside its caps (6.571541ms)
✔ occupancy never exceeds housing (1.196506ms)
✔ land value rises beside water and falls beside industry (0.281876ms)
✔ the development pass is deterministic (2.734279ms)
✔ development runs on the monthly tick, not every tick (5.135316ms)
✔ demolishing a lot frees its tiles for something else (1.422391ms)
✔ every disaster kind has a name, and no two share one (1.055653ms)
✔ the design's seven major disasters all exist (0.181954ms)
✔ disasters can be turned off entirely (1.287347ms)
✔ a disaster warns before it strikes, and says where (0.603653ms)
✔ the warning phase does no damage (3.25967ms)
✔ a wildfire burns through the fire system rather than beside it (0.539642ms)
✔ a blackout clears power and breaks nothing (0.745867ms)
✔ an explosion pollutes as well as destroys (0.468431ms)
✔ contamination takes the water flag, not the pipes (1.60224ms)
✔ a wrecked building leaves ruins, not a hole (0.89802ms)
✔ no disaster makes a tile permanently unbuildable (2.177137ms)
✔ a disaster ends, and ends only once (0.270915ms)
✔ only one disaster runs at a time (14.801074ms)
✔ disasters are deterministic from the state (1.651665ms)
✔ the disaster record is hashed (1.025882ms)
✔ the disaster record survives a copy (0.549922ms)
✔ the local documents stay out of git (7.425156ms)
✔ every required document exists (0.289476ms)
✔ open questions agree between plan-v1.md and dev-questions.md (0.588002ms)
✔ answered questions have left the open section (1.481482ms)
✔ every ruling carries its source, status and enforcement (1.314389ms)
✔ ruling filenames and headings agree on the number (0.878869ms)
✔ dev-prompts.md numbers its prompts without gaps (0.46507ms)
✔ the chosen style is specified, not merely named (0.252505ms)
✔ the documented palette matches the code (1.193055ms)
✔ every cityviewer document is indexed by the engine README (0.628374ms)
✔ every decision cityviewer settled names a ruling that exists (0.517661ms)
✔ cityviewer's rulings point back at the specification (3.980996ms)
✔ plan-v1 carries the cityviewer lane the roadmap describes (0.95204ms)
✔ cityviewer's settled constants agree across the specification (0.228145ms)
✔ every cityviewer work item is a slice in plan-v1 (1.598314ms)
✔ ruling 040's tier table is the one in the data (R2) (0.543402ms)
✔ the README names every gate a slice has to run (0.524031ms)
✔ the tax rate can be set within its range and refused outside it (1.689446ms)
✔ residents pay tax, and more of it at a higher rate (0.559963ms)
✔ land value is worth as much as headcount (1.308529ms)
✔ an empty home yields nothing (0.158564ms)
✔ income and upkeep are attributed to the right owner (0.345898ms)
✔ roads, wires and pipes all cost their owner upkeep (0.979141ms)
✔ a placed building costs its catalogue upkeep (0.819568ms)
✔ difficulty scales both sides of the ledger (0.45905ms)
✔ a monthly pass moves money and reports the budget (0.413689ms)
✔ a city that cannot pay does not run up an unbounded overdraft (0.357668ms)
✔ an unpayable bill is reported rather than absorbed silently (0.184544ms)
✔ the player is warned before the money runs out, not after (0.097282ms)
✔ a shared treasury divides the region's net between the seats (0.619274ms)
✔ separate treasuries do not share (0.118093ms)
✔ the economy is deterministic (1.780549ms)
✔ the spec carries the parameters, not a second opinion about them (7.223186ms)
✔ the same lot gives the same spec twice (2.475973ms)
✔ the street edge is the lot's frontage, and only one edge has a door (1.180506ms)
✔ a window is the same width on a tall building as on a short one (2.374301ms)
✔ bays are counted from the frontage, not from the tile (2.891832ms)
✔ a 20 m commercial frontage gets four bays (0.973521ms)
✔ a shop has storefronts on its street edge and a house does not (1.208946ms)
✔ a house gets a pitched roof and a shop gets a flat one with a parapet (4.540618ms)
✔ industry is a shed with a sawtooth or a flat roof and no windows on the ground (0.559522ms)
✔ a civic building has a portico (0.788877ms)
✔ the name table is data, not a string in the code — in every locale (0.620904ms)
✔ a shop keeps its index across a language change (R2) (1.340109ms)
✔ nothing in the spec reaches outside the lot (4.1351ms)
✔ both levels take their colour from one function, not two copies of it (2.28388ms)
✔ the baked facades honour the territory overlay the instanced boxes do (0.252485ms)
✔ the verge takes the colour of the land under it, not a flat lawn (A38) (0.180914ms)
✔ every category builds something, with no empty pieces (10.65295ms)
✔ a building stands on its seat and reaches its own height (3.082775ms)
✔ nothing but the eave reaches past the lot, and the eave is small (9.95163ms)
✔ an opening is a HOLE: the wall has a gap and the reveal fills it (1.278108ms)
✔ a taller building has more windows, not bigger ones (3.295427ms)
✔ lit windows go in their own bucket, dark until the night rig turns them up (0.797517ms)
✔ the same building builds the same geometry twice (5.124707ms)
✔ every triangle is wound the way its normal points (6.858872ms)
✔ there are fixtures at all (0.630504ms)
✔ fixture empty.json: every step's hash, result and events (20.994967ms)
✔ fixture founding.json: every step's hash, result and events (126.67203ms)
✔ fixture two_player.json: every step's hash, result and events (34.859803ms)
✔ every fixture says why it exists and which era it belongs to (0.368708ms)
✔ replaying a fixture twice gives the same answer (179.534531ms)
✔ the two lists of hashed fields agree (0.769267ms)
✔ the hashed fields are all present on a real state (2.390161ms)
✔ a tree stands inside its own tile (1.610115ms)
✔ a tree is the same tree every time it is asked for (0.442459ms)
✔ no two neighbouring trees are the same tree (1.740147ms)
✔ a tree has a species, a size and a spin, and all three are usable (0.138223ms)
✔ only forest tiles have trees on them (0.637923ms)
✔ a paved or built tile has no tree, whatever the terrain says (0.238555ms)
✔ a box only gets the trees inside it (0.268126ms)
✔ an empty box is empty, not undefined (0.120592ms)
✔ the two passes place a tree in exactly the same spot (0.47466ms)
✔ a governor inside its target gives nothing up (1.424991ms)
✔ p95 ignores a single stall, and catches a sustained one (0.799417ms)
✔ it takes a second over target before giving anything up (0.199494ms)
✔ the order of sacrifice is fixed, and it stops when it runs out (0.406749ms)
✔ a sacrifice is remembered even when the frames come good again (1.288458ms)
✔ reset forgets, because a new tier is a new question (0.177974ms)
✔ p95 is the 95th percentile of the window, not the mean (0.251826ms)
✔ the window is bounded, so a long session costs no memory (7.179521ms)
✔ the pixel pass is on the ladder, and it goes first (0.558312ms)
✔ the supersample rung is read by something (R1.4) (0.638253ms)
✔ every rung the ladder names is read by the renderer (0.404888ms)
✔ a profile has one height per point and a cumulative distance (0.789088ms)
✔ flat land stays flat (0.131143ms)
✔ a gentle slope is left alone (0.096152ms)
✔ a cliff in the middle of a street is cut and filled to the limit (0.101472ms)
✔ the ends are the land, and they do not move (0.082942ms)
✔ a profile is cut AND filled, not simply flattened (0.125083ms)
✔ ends steeper than the limit give the straightest street possible (0.070312ms)
✔ a long street with one bump loses the bump and keeps the street (0.079962ms)
✔ a height is read back by distance along, and clamps at both ends (0.444159ms)
✔ reading a profile back never exceeds the limit either (0.360558ms)
✔ a corridor of one point, or of none, does not throw (0.161344ms)
✔ two points in the same place do not divide by zero (0.094492ms)
✔ explicit end heights win over the land (0.067732ms)
✔ the steepest grade is reported, so a gate does not have to re-derive it (0.055931ms)
✔ grading is a function of its inputs and nothing else (1.580234ms)
✔ a profile is flat across the junction box at each end (0.294896ms)
✔ a level junction does not flatten the street between them (0.145893ms)
✔ flat ends shorten the run the grade has to fit into, and say so (0.460979ms)
✔ a corridor shorter than its two junction boxes is not turned inside out (0.161653ms)
✔ index and coordinates round-trip (3.018485ms)
✔ axes are not transposed (0.118413ms)
✔ bounds exclude the edges correctly (0.133133ms)
✔ direction order is north, east, south, west — part of the contract (0.761556ms)
✔ neighbour returns -1 off the edge rather than wrapping (0.296507ms)
✔ adjacency mask packs NESW into bits 1,2,4,8 (0.348388ms)
✔ adjacency mask treats the edge as absent, not as present (0.257986ms)
✔ distances behave (0.156713ms)
✔ forEachInRadius clips to the map and reports distance (0.594563ms)
✔ run-length encoding round-trips and compresses a drag (0.90705ms)
✔ run-length encoding handles gaps, duplicates and disorder (0.245145ms)
✔ run-length encoding of nothing is nothing (0.173584ms)
✔ idiv truncates toward zero, including for negatives (0.080291ms)
✔ imod is never negative (0.071521ms)
✔ clamp holds both ends (0.207964ms)
✔ fixed point stays integral through a round trip (0.428959ms)
✔ fixed-point multiply approximates a fraction without floats (0.093222ms)
✔ lerp interpolates on integers (0.064052ms)
✔ isqrt is the floor of the square root (1.156255ms)
✔ blend 0 reproduces the flat picture exactly (3.483786ms)
✔ a corner between four natural tiles is their mean (0.850769ms)
✔ two tiles of the same terrain still meet in their own colour (0.41863ms)
✔ a corner touching built land keeps the tile's own colour (0.531212ms)
✔ zoned and built land is as flat as paved land (0.533782ms)
✔ the mottle varies a field without changing what it is (1.210146ms)
✔ the mottle is a function of the tile, not of the call (1.236866ms)
✔ open country away from a street is darker than the verge beside it (0.767367ms)
✔ farTone 0 leaves the country alone (0.801518ms)
✔ every corner of every tile has a colour, on any terrain (3.98323ms)
✔ the ground's numbers live in data (0.47695ms)
✔ a road tile still knows what the land under it is (0.304446ms)
✔ natural ground is natural whether or not anything is built on it (0.135403ms)
✔ natural clamps to the map like every other accessor (0.329057ms)
✔ every tool with a shortcut is on the card (0.615823ms)
✔ every tool key the card claims actually selects that tool (0.194044ms)
✔ every fixed binding the card claims is in the controller (0.259736ms)
✔ the card covers the camera, the tools, the actions and the pointer (0.146573ms)
✔ every string on the card is in both locales (1.112754ms)
✔ double-click focuses, as §13.4 says (0.194184ms)
✔ the card names no key twice (1.092053ms)
✔ the card describes the mouse buttons the controller actually binds (P34) (0.307327ms)
✔ the history is bounded, and drops the oldest first (2.037984ms)
✔ a sample carries every field the hash writes, and nothing else (0.860779ms)
✔ the history reaches the hash (1.329868ms)
✔ copyState deep-copies the history rather than sharing it (1.259247ms)
✔ a saved city remembers its history, hash for hash (3.046225ms)
✔ a save written before history loads with an empty one (1.318338ms)
✔ a running game records months, silently (24.543214ms)
✔ every series names a field the engine actually samples (0.228525ms)
✔ every statistic has an explanation, in both locales (0.821128ms)
✔ a reading knows the difference between up and better (0.346248ms)
✔ a series with no good direction reports movement without a verdict (0.200924ms)
✔ small movement reads as steady rather than as news (0.146273ms)
✔ a young city says so instead of drawing a flat line (0.102792ms)
✔ a change from nothing is not an infinite change (0.137873ms)
✔ a sparkline spans its box, and a flat series draws down the middle (0.312297ms)
✔ statistics report the latest value of every series (0.275676ms)
✔ the city date starts in year 1, not year 0 (1.297358ms)
✔ the city date runs through twelve months and no more (0.318257ms)
✔ money is formatted without lying about the sign (0.199124ms)
✔ the treasury trend reports the direction the money is going (0.188764ms)
✔ the top bar reads the player's own treasury, not the region's (0.214145ms)
✔ the top bar survives a seat that is not seated (0.130333ms)
✔ RCI bars are clamped and signed (0.185044ms)
✔ RCI bars keep their order R, C, I (0.44616ms)
✔ repeated events collapse into one alert with a count (0.296306ms)
✔ the alert queue is capped and keeps the worst, not the newest (0.378098ms)
✔ known events are classified by severity, unknown ones are not invented (0.198534ms)
✔ alerts carry the tick they happened on (0.065121ms)
✔ the inspector describes the tile it was asked about (0.403418ms)
✔ the inspector refuses a tile off the map rather than reading past the array (0.094062ms)
✔ the inspector names water as water (0.153953ms)
✔ the inspector reports the building on the tile, by id (0.179204ms)
✔ every building in the catalogue is reachable from the build menu (0.346278ms)
✔ the build menu offers a power source and a water source (0.127633ms)
✔ the build menu is ordered, and the same order every time (0.193574ms)
✔ a building's ghost covers the tiles the reducer will test (0.187534ms)
✔ the budget panel reports the rate the city is actually charging (0.201815ms)
✔ the tax slider cannot aim outside the range the reducer accepts (0.120103ms)
✔ the budget's net is its income minus its expenses (0.065502ms)
✔ every key the interface asks for exists in every locale (4.461205ms)
✔ no user-facing English is left hardcoded in the HUD (0.319427ms)
✔ both launch locales exist (0.92572ms)
✔ locale catalogues have identical key sets (1.488293ms)
✔ no catalogue value is empty (2.444842ms)
✔ interpolation tokens match across locales (2.336661ms)
✔ keys are namespaced, so the catalogue stays navigable as it grows (0.572332ms)
✔ a diagonal drag leaves no holes (1.637286ms)
✔ a line to itself is one tile, not zero (0.491408ms)
✔ lines are symmetric (0.295327ms)
✔ a rectangle covers its corners whichever way it is dragged (0.228685ms)
✔ a straight horizontal drag is ONE run (0.202154ms)
✔ runs are sorted and deduplicated (0.070851ms)
✔ a gap becomes a second run rather than being papered over (0.066901ms)
✔ an empty trail produces no runs (0.052431ms)
✔ runs always come in start/length pairs the engine will accept (0.093692ms)
✔ a vertical drag is one run per row, not one run (0.113542ms)
✔ every tool maps to a command the engine actually has (1.151838ms)
✔ area tools and area commands agree (0.178404ms)
✔ there is a tool for every area command the design exposes (0.397229ms)
✔ the road tool builds a road (0.068401ms)
✔ one pointer with a build tool paints, and a tap builds one tile (0.183404ms)
✔ a drag with a build tool paints a trail, not a pan (0.300216ms)
✔ one pointer with no build tool pans, and only after the slop (0.103872ms)
✔ a press and release without movement is a tap, not a pan (0.047741ms)
✔ a second pointer ends painting rather than painting two lines (0.076362ms)
✔ two pointers spreading apart zoom in (0.059371ms)
✔ two pointers twisting past the threshold rotate exactly one step (0.174543ms)
✔ lifting one of two pointers does not jump the map (0.116452ms)
✔ cancel ends a stroke so a lost pointer cannot leave one open (0.154793ms)
✔ a stroke that never started does not end (0.040681ms)
✔ the pitch belongs to the view, not to the module (0.242605ms)
✔ the pitch is clamped at both ends (0.155583ms)
✔ the mouse turns the camera freely, the keys still snap (0.042901ms)
✔ turning past a full circle keeps the yaw finite (0.026011ms)
✔ the four snapped yaws survive the projection (0.041351ms)
✔ the pitch is clamped in both projections (0.028371ms)
✔ zoom means the same thing in both: span (0.067871ms)
✔ a pan keeps the ground under the pointer where the pointer is (0.051961ms)
✔ the arrows walk a toolbar in both axes (0.561192ms)
✔ the arrows wrap rather than dead-ending (0.086112ms)
✔ Home and End jump to the ends (0.062992ms)
✔ a key the pattern does not own is left alone (0.074992ms)
✔ every frequent tool has a shortcut, and no two share one (0.177294ms)
✔ a shortcut is found whatever the shift state, and never with a modifier (0.197384ms)
✔ an unbound key selects nothing rather than the first tool (0.103562ms)
✔ the zone shortcuts are digits, not R, C and I (0.096682ms)
✔ right and middle drag are handled, not dropped (0.303567ms)
✔ right drag ORBITS: sideways turns, up and down tilts (0.162083ms)
✔ middle drag pans (0.091712ms)
✔ the keys still snap to the four comfortable angles (0.133113ms)
✔ a button drag works with a tool in hand (3.430184ms)
✔ the number of variants is written down once (0.999911ms)
✔ every category names every variant (0.441939ms)
✔ variantFor spreads over every variant (7.149287ms)
✔ a variant is a property of the building, not of the moment (0.205075ms)
✔ every style offers the same roof choices, so a style is not a different city (0.784397ms)
✔ there are enough roof colours that a street is not a pattern (0.194164ms)
✔ the roof choices are not all one hue (0.208425ms)
✔ every category the zones map to is one the kit builds (0.230135ms)
✔ a straight road of six tiles is two links, one each way (4.325984ms)
✔ a lane sits to the RIGHT of the centreline, which is which side of the road (0.717535ms)
✔ no link is shorter than a car (3.246299ms)
✔ every point of a link has a height, and the arc lengths are its own (0.545791ms)
✔ every link has a successor unless it ends at the edge of the road (1.819489ms)
✔ a successor starts where its predecessor ends (0.93205ms)
✔ preds is the reverse of next (0.782077ms)
✔ a T gives each approach a straight and a turn, and the stem two turns (2.380141ms)
✔ a crossroads gives every approach three ways out and no U-turn (1.010372ms)
✔ only a junction gets a signal (0.936931ms)
✔ a signal is periodic and never green both ways (5.603737ms)
✔ the amber is three seconds, twice a cycle (0.829447ms)
✔ two junctions do not change together (1.055963ms)
✔ sampling a link at its ends returns its ends (0.416799ms)
✔ sampling is monotonic along the link and gives a unit tangent (0.483811ms)
✔ sampling past the end clamps rather than running off (0.372788ms)
✔ an empty map has an empty lane graph rather than no lane graph (3.213184ms)
✔ the lane graph is a function of state, like the rest of the model (2.174691ms)
✔ the road's lane numbers are in data, not in the code (0.169363ms)
✔ every choice the screen offers survives into the options record (1.585044ms)
✔ every difficulty the screen offers is one the balance data knows (0.201624ms)
✔ every row's field is a real option, and every choice has a label key (0.215325ms)
✔ a hand-edited URL starts a game rather than being refused (0.595512ms)
✔ choices survive a round trip through the URL (0.480561ms)
✔ the shareable link carries the seed and only what differs from the defaults (0.208134ms)
✔ the default city is a standard region on steady, with disasters on (0.184174ms)
✔ singleplayer asks for one seat, and the seat count is the only thing 5.2 changes (0.193304ms)
✔ a city and a mayor can be named, and the name is capped (0.317567ms)
✔ an unnamed city is empty, not a placeholder (0.157703ms)
✔ the city name reaches the options record, where it is hashed (0.110923ms)
✔ the name travels with the shareable link (0.289766ms)
✔ every row belongs to a group, and every group has rows (0.255125ms)
✔ the budget is configurable and survives a round trip (1.232696ms)
✔ tile pixels come from the span, not from distance (0.177564ms)
✔ detail nobody can see is dropped whatever the budget allows (0.352557ms)
✔ a generous budget keeps full detail when it is resolvable (0.130373ms)
✔ a tight budget is met by stepping down (0.42237ms)
✔ props are sacrificed before buildings (0.142043ms)
✔ terrain sets a floor the ladder cannot go below (0.151673ms)
✔ the ladder terminates instead of looping forever (0.127703ms)
✔ an impossible budget is reported, not silently missed (0.176824ms)
✔ a block tree is not free (0.161563ms)
✔ the estimate does NOT charge twice for a shadowed caster (P35) (0.142903ms)
✔ visible bounds cover the view at every yaw (0.219944ms)
✔ counting only what is on screen is what makes the budget mean anything (0.082461ms)
✔ a low camera sees further, and the bounds have to know it (P34) (0.152613ms)
✔ the estimate charges for every network the renderer draws (P35) (0.520882ms)
✔ a junction's markings are counted, not assumed to be one (0.067291ms)
✔ the utility ribbons are a rung and a resolvability gate (V2) (0.113912ms)
✔ dropping the networks removes them from the estimate (0.058242ms)
✔ orthographic pixels per tile are unchanged (0.049731ms)
✔ at the orbit target the two projections agree (0.115633ms)
✔ under perspective a far chunk is smaller than a near one (0.051371ms)
✔ a chunk behind the camera does not come back as a huge one (0.043951ms)
✔ a chunk's plan is never finer than the frame's (0.103942ms)
✔ a chunk plan drops what its own zoom cannot resolve (0.03408ms)
✔ visible bounds under perspective reach further away than behind (0.135173ms)
✔ orthographic bounds stay centred on the target (0.083762ms)
✔ a camera near the horizon still returns finite bounds (0.097052ms)
✔ a point inside the footprint is inside it (0.073042ms)
✔ a trapezoid is what a tilted frustum actually lays on the ground (0.031561ms)
✔ no footprint means everything is inside, which is what ortho wants (0.02965ms)
✔ winding does not change the answer (0.030131ms)
✔ the per-chunk counts add up to the totals (0.648354ms)
✔ pricing per chunk is never more than pricing at the frame's plan (0.545242ms)
✔ street chunks are a zoom, not a tier setting (slice E3) (0.089742ms)
✔ a baked chunk is charged once a frame, and only when it is on screen (0.067152ms)
✔ the camera and the budget ask the same function where the eye is (R1.6) (0.375188ms)
✔ the eye arithmetic is written down once (0.996322ms)
✔ orthographic tile pixels read the VERTICAL extent, on a portrait screen too (A32) (0.215625ms)
✔ two triangles merge into one buffer of six vertices (0.9122ms)
✔ a box and a box merge to twenty-four triangles (1.151595ms)
✔ the matrix moves the positions (0.640794ms)
✔ the matrix rotates the normals WITHOUT translating them (0.298217ms)
✔ a normal survives a rotation as a direction (0.157603ms)
✔ colour lands per vertex, not per geometry (0.155263ms)
✔ uv comes through only when every input has one (0.137033ms)
✔ merging nothing is nothing, not a crash (0.077212ms)
✔ a geometry with no colour gets white rather than zeros (0.204474ms)
✔ a click lands on the tile it was aimed at (1.440161ms)
✔ a click outside the square lands on the edge rather than nowhere (0.176414ms)
✔ every region size fills the same square (0.213624ms)
✔ the viewport box is centred on the camera (0.169314ms)
✔ the box is wider than it is tall on a wide screen (0.199944ms)
✔ the box hangs over the edge rather than being clamped (0.142443ms)
✔ a box that covers everything is not drawn (0.132323ms)
✔ under perspective the minimap shows the FOOTPRINT, not a box round it (0.580702ms)
✔ under orthographic it is still a rectangle (0.289407ms)
✔ the footprint is in minimap pixels, like everything else here (0.411749ms)
✔ a covering ORTHOGRAPHIC view is still not worth drawing (1.030672ms)
✔ a covering perspective view IS worth drawing, because it has a direction (0.207605ms)
✔ in street mode the minimap knows where the walker is (0.244035ms)
✔ out of the street there is no walker to show (0.112973ms)
✔ every corridor gets a pavement on each side (9.3257ms)
✔ a pavement is on the pavement, not in the road and not in the gardens (2.31968ms)
✔ the two pavements of one corridor are on opposite sides (1.221006ms)
✔ a pavement stops short of the junction it runs into (4.206887ms)
✔ a crossing joins the two pavements of one corridor at a node (1.585094ms)
✔ a crossing knows which node and which axis it is on, so a signal reaches it (1.667605ms)
✔ every edge leads somewhere, and every node is reachable from an edge (4.709162ms)
✔ a pavement at a crossroads can be left by a crossing and by a corner (1.084474ms)
✔ a lot's door sits on the pavement it opens onto (1.235887ms)
✔ a door is on the near side of the street, not across it (0.749066ms)
✔ a lot with no road anywhere near it still gets a door rather than a crash (0.773187ms)
✔ how many people a pavement asks for follows the occupancy on it (2.012833ms)
✔ sampling an edge walks it end to end and clamps outside it (0.539832ms)
✔ a pavement is at pavement height, a kerb above the road (0.414119ms)
✔ the graph is a function of the state and nothing else (3.793212ms)
✔ the nearest lamps come back, nearest first (1.36913ms)
✔ the cap is a cap, and zero means none (0.180443ms)
✔ no lamp is handed out twice (1.013182ms)
✔ a lamp already lit is not dropped for one a metre nearer (0.242735ms)
✔ but it is dropped once the player has really walked past it (0.367978ms)
✔ the choice is stable: same input, same answer (0.272506ms)
✔ lamps are gathered from the chunks that hold them (0.226795ms)
✔ every command is either wired to the reducer or listed as not built (1.250187ms)
✔ nothing on the not-built list has quietly been built (0.162774ms)
✔ nothing on the not-built list has a control in the client (10.324573ms)
✔ every command the singleplayer game needs has a way to reach it (8.109286ms)
✔ the placeholder directories are still empty, or their slice has started (0.158594ms)
✔ every module the client imports actually exists (3.588868ms)
✔ Auto follows the tool in hand (0.45592ms)
✔ Auto shows nothing when nothing is held (0.138633ms)
✔ a chosen overlay beats the tool (0.071242ms)
✔ every layer Auto can pick is a real overlay (0.129503ms)
✔ every tool Auto knows about is a real tool (0.072222ms)
✔ Auto is not itself an overlay name (0.050221ms)
✔ the tools that change supply all have a layer (0.071502ms)
✔ the plane has one byte per tile, whatever the overlay (4.942477ms)
✔ every byte is a band the palette has a colour for (4.006437ms)
✔ the plane says exactly what bandAt says, tile for tile (0.594573ms)
✔ no overlay writes the whole plane as nothing (1.584154ms)
✔ no overlay is a wash of one colour either (1.290687ms)
✔ an unknown overlay clears the plane rather than leaving the last one on it (0.206105ms)
✔ NONE is a value the shader can test, not a band index (0.068222ms)
✔ the design's eleven overlays all exist (0.653314ms)
✔ every overlay declares a label and a legend (0.352558ms)
✔ every overlay bands every tile without throwing (1.834999ms)
✔ power reads the flag, not just the wire (0.268786ms)
✔ water reads its own flag and not power's (0.135103ms)
✔ zoning distinguishes the three zones and bare land (0.131383ms)
✔ severity overlays get worse as their layer gets worse (0.267646ms)
✔ land value and desirability get BETTER as they rise (0.118643ms)
✔ desirability is punished by pollution and crime, not only by value (0.43718ms)
✔ water tiles are not applicable to most overlays (0.402819ms)
✔ traffic is honest about being empty before the traffic slice (0.221255ms)
✔ an unknown overlay name bands nothing rather than throwing (0.615824ms)
✔ a city with buildings on it grows a crowd (30.477604ms)
✔ an empty city has nobody on it (7.265177ms)
✔ nobody walks in the carriageway (62.707615ms)
✔ a person stays on the edge they are on, between its ends (20.725918ms)
✔ the cap is a cap, and zero means none at all (10.526592ms)
✔ a busier city puts more people on the street than a quiet one (35.059331ms)
✔ no time passing means nobody moves, so `life=0` freezes the crowd (4.250952ms)
✔ a frozen city still has people standing on it (4.766833ms)
✔ a delta of several seconds does not teleport anybody (2.181707ms)
✔ somebody stepping onto a crossing waits when the light is against them (29.445695ms)
✔ nobody waits for ever: every crossing is crossed (58.220854ms)
✔ somebody on a crossing is reported as something a car must stop for (A45) (18.681338ms)
✔ two runs of the same city are the same crowd (5.731924ms)
✔ on flat ground the march lands where the plane did (1.920058ms)
✔ a flat field raised to y = h is hit at y = h (0.152764ms)
✔ an oblique ray onto flat ground is still exact (0.095382ms)
✔ on a slope the pick lands on the visible face, not the y = 0 shadow (0.100832ms)
✔ the near face of a step is what gets picked, not the far side (0.084311ms)
✔ the march converges tightly enough to pick the right tile (0.142823ms)
✔ a ray that never meets the ground reports nothing (0.522011ms)
✔ a ray that starts underground reports nothing rather than a hit behind it (0.090181ms)
✔ the march gives up rather than running for ever (0.107322ms)
✔ a coarse field and a fine one agree on where the ground is (0.283526ms)
✔ the grades are data, one per time-of-day preset (1.543034ms)
✔ night is drawn in a softer line than noon (0.153723ms)
✔ the ink is a SECOND difference of depth, not a luminance edge (0.301536ms)
✔ depth is linearised before it is differenced, and the ortho branch exists (0.389278ms)
✔ a line is the same width near and far (0.127993ms)
✔ convex and concave are separate strengths (0.096362ms)
✔ the grade is a split tone, not a tint (0.109422ms)
✔ the target holds linear colour and the pass encodes on the way out (0.147523ms)
✔ every uniform the shaders declare is one the pipeline sets (0.530262ms)
✔ every uniform the grade names is one the shader reads (0.272276ms)
✔ the vertex shader is a full-screen triangle pair and nothing else (0.125293ms)
✔ xorshift32 produces its pinned sequence for seed 1 (8.176348ms)
✔ a zero seed is replaced, because zero is a fixed point of xorshift (0.238035ms)
✔ the same seed replays identically after copying (0.243146ms)
✔ nextInt stays in range and consumes deterministically (2.577691ms)
✔ nextInt has no modulo bias at an awkward bound (4.643145ms)
✔ degenerate bounds are handled without a draw (0.169783ms)
✔ nextRange is inclusive at both ends (0.603953ms)
✔ chance reads as the odds are written (1.175095ms)
✔ chanceIn handles its boundaries without consuming randomness (3.612077ms)
✔ shuffle consumes exactly one draw per element beyond the first (0.322237ms)
✔ shuffle is a permutation, and pinned for seed 42 (0.192444ms)
✔ pick draws from the list (0.169624ms)
✔ seedFromString is stable and case-sensitive (0.181074ms)
✔ mix32 decorrelates adjacent seeds (0.114683ms)
✔ streamSeed gives each subsystem an independent stream (0.082852ms)
✔ lamps stand on the pavement, never in the carriageway (1.037572ms)
✔ lamps alternate sides, so a street is not a runway down one edge (0.254395ms)
✔ lamps are spaced the way the data says (0.165224ms)
✔ a street with no length gets no lamps and does not throw (0.529482ms)
✔ the pass builds something, and its pieces are never empty (1.486913ms)
✔ the hedge leaves a gap for the path, and the path crosses it (0.421479ms)
✔ a lamp reports where its light hangs, and every id is its own (0.814568ms)
✔ engine/ and shared/ are free of Math.random (27.092525ms)
✔ engine/ and shared/ are free of Date.now (15.038646ms)
✔ engine/ and shared/ are free of new Date (7.570394ms)
✔ engine/ and shared/ are free of performance.now (11.894427ms)
✔ engine/ and shared/ are free of setTimeout/setInterval (7.545939ms)
✔ engine/ and shared/ are free of fetch (10.719616ms)
✔ engine/ and shared/ are free of DOM access (11.597452ms)
✔ engine/ contains no null literals (6.238048ms)
✔ engine/ and shared/ contain no float literals (8.244218ms)
✔ engine/ imports nothing outside engine/ and shared/ (1.683957ms)
✔ the purity guard actually catches a planted violation (0.250866ms)
✔ banned words in comments and strings do not trip the guard (0.185934ms)
✔ the viewer never imports the engine (7.917221ms)
✔ client/world stays pure: no three, no DOM, no clock (1.530823ms)
✔ client/world never imports client/render (4.103198ms)
✔ client/life keeps its own clock and never asks the machine for one (6.56784ms)
✔ the quality tier never reaches a command (ruling 040) (1.37166ms)
✔ the modules that node can load are the ones that carry decisions (26.448233ms)
✔ client/world imports three nowhere at all (1.198725ms)
✔ the precache list is current (15.632905ms)
✔ the version is the hash of the bytes, so a changed file is a new cache (44.272024ms)
✔ everything the app needs to boot is cached (0.177944ms)
✔ every precached file exists (0.489741ms)
✔ nothing that is not the app is cached (0.143933ms)
✔ the manifest is installable (0.087902ms)
✔ the page links the manifest and the worker registers itself (0.106972ms)
✔ the service worker keeps exactly one cache (0.066111ms)
✔ a new build reaches a player who already has the app (0.112732ms)
✔ a worker that takes over reloads the page exactly once (0.201334ms)
✔ a measure that does not exist is false, never a crash (1.603355ms)
✔ the language has no way to run code (0.354278ms)
✔ measures compare both ways (0.144983ms)
✔ all, any and not compose (0.406949ms)
✔ a crafted quest is offered, then completes, and pays (0.450699ms)
✔ quests can be turned off (0.768917ms)
✔ a choice writes a variable, and a later quest gates on it (0.507721ms)
✔ a choice cannot be made twice, or out of range (0.255125ms)
✔ quest progress is hashed and survives a copy (4.798794ms)
✔ quest variables are kept sorted so the hash never depends on order (0.842338ms)
✔ every authored quest is valid in the closed language (1.335079ms)
✔ the quest index lists every quest file (0.330347ms)
✔ the authored catalogue has a reachable starting point (0.262636ms)
✔ every authored quest is reachable from the start (0.488381ms)
✔ the tutorial chain teaches the things the MVP needs (0.49371ms)
✔ every measure the engine offers is a real one (1.425211ms)
✔ the catalogue holds the content slice 4.3 asks for (0.487661ms)
✔ every civic event can fire without a quest before it (0.356298ms)
✔ every word the advisor says exists in both locales (0.809647ms)
✔ no quest carries prose instead of a key (0.518061ms)
✔ every string in the catalogue can be reached by the interface (8.720143ms)
✔ nothing on the not-yet list is already being shown (4.735513ms)
✔ the not-yet list has no entries for keys that no longer exist (0.191604ms)
✔ every reason the reducer can give has words in both locales (1.043493ms)
✔ the advisor's × is withheld while a card is asking a question (0.618423ms)
✔ dismissing is per quest, so the next one is news again (0.356868ms)
✔ every panel with a close button has a label for it (1.43193ms)
✔ an unknown command is refused, never silently dropped (1.051832ms)
✔ a command from a seat that never joined is refused (0.170064ms)
✔ the tick needs no actor — the clock is not a player (0.279766ms)
✔ a thousand empty ticks are hash-stable across two engines (1.972397ms)
✔ empty ticks do not consume randomness (0.273216ms)
✔ the clock divides into months and years (0.217284ms)
✔ monthly and yearly systems fire on their boundaries only (0.519412ms)
✔ joining takes a seat and starts a treasury (0.48188ms)
✔ seats are kept in seat order regardless of arrival order (1.045653ms)
✔ a seat beyond the room's cap is refused (0.314257ms)
✔ leaving does not destroy the seat — the land is still theirs (0.169904ms)
✔ rejoining reclaims the same seat with its money intact (0.120113ms)
✔ AFK is a status, not a departure (0.096902ms)
✔ a refused command leaves the state exactly as it was (0.364048ms)
✔ area commands are declared, so the client knows what to coalesce (0.095412ms)
✔ the command vocabulary is discoverable for the chaos injector (0.086302ms)
✔ copyState gives a snapshot that the reducer cannot reach back into (0.728646ms)
✔ the renderer's constants mirror matches the engine exactly (1.287208ms)
✔ the mirror covers everything the renderer actually reads (0.175304ms)
✔ there is a terrain colour for every terrain type (0.705145ms)
✔ there is a zone colour for every zone (0.094912ms)
✔ player colours stay distinguishable under colour-vision deficiency (1.37361ms)
✔ no two player colours are identical to begin with (0.413049ms)
✔ there are sixteen player colours, one per seat (0.201624ms)
✔ pseudo is deterministic, stable and spread (0.93587ms)
✔ adjacent ids get different variants (0.995792ms)
✔ building colour lifts with value tier and stays in range (0.273906ms)
✔ the style palettes are complete (0.573793ms)
✔ every style palette differs from every other (0.152064ms)
✔ each style bakes a different face contrast (0.110562ms)
✔ plain is lit softly and painted is not (0.136653ms)
✔ the pixel style asks for no lighting at all (0.135273ms)
✔ face contrast pulls shades towards flat without inverting them (0.110062ms)
✔ an empty zoned lot is drawn (0.214294ms)
✔ a zoned lot stops being tinted once it is built on (0.109953ms)
✔ a power line is drawn on every tile it covers, not every third (0.070582ms)
✔ water pipes are drawn at all (0.146783ms)
✔ the zone tint keeps enough of its own colour to tell R from C from I (0.177614ms)
✔ wire and pipe are drawn joined, like roads (0.257265ms)
✔ an arm reaches exactly half a tile, so two neighbours meet (0.098372ms)
✔ an isolated network tile still draws its hub (0.066592ms)
✔ the road follows the ground, so an elevation step is not a green seam (0.247816ms)
✔ a network ribbon is one width from end to end (1.016432ms)
✔ wire and pipe cross a road instead of vanishing under it (0.192774ms)
✔ road markings are drawn from the road's own connection mask (0.099702ms)
✔ a corner joins, a junction opens, a straight road keeps its dash (0.080812ms)
✔ the marking pools survive four arms a tile (0.090602ms)
✔ the road is painted into the ground, not stacked on top of it (0.236655ms)
✔ a network ribbon is a quad again, not a box (0.123822ms)
✔ the triangle budget is spent against MEASURED ground costs (0.144213ms)
✔ the scene asks the governor before it draws an optional pass (0.228015ms)
✔ the frame time is measured where wall-clock time means something (0.395548ms)
✔ the cars are posed into the pools the parked ones use (0.230365ms)
✔ a rebuilt world rebuilds the traffic with it (0.200094ms)
✔ ?life=0 reaches the renderer, or no picture gate is repeatable (0.192404ms)
✔ one ray builder, and both projections go through it (0.211485ms)
✔ the sky and the haze are perspective only, and cost one draw call (0.223785ms)
✔ the projection reaches the renderer from the settings panel (0.171043ms)
✔ every instanced piece is placed against the height field (0.4736ms)
✔ the budget measures the SCENE, not the full-screen quad (slice P2) (0.48708ms)
✔ the shot harness reads the same number the budget does (0.135013ms)
✔ a GLSL local never shadows a builtin the same shader calls (0.389079ms)
✔ the pools are settled AFTER the cars are posed (R1.2) (0.804968ms)
✔ only the cars on screen are counted for the budget (R1.1) (0.961551ms)
✔ a straight ribbon is two triangles per step (2.326122ms)
✔ a ribbon is the width it was asked for (0.225875ms)
✔ every vertex sits on the ground plus the lift (0.206835ms)
✔ camber lowers the edges and leaves the centre alone (0.245675ms)
✔ a ribbon round a corner keeps its width (0.185014ms)
✔ normals point up on flat ground (0.132633ms)
✔ uv runs in metres along the ribbon (0.113553ms)
✔ a degenerate polyline is nothing, not a crash (0.171124ms)
✔ a skirt hangs from the edge and is vertical (0.495051ms)
✔ a skirt follows the ground it hangs from (0.45119ms)
✔ a sagging wire dips in the middle and meets its poles (0.272556ms)
✔ a wire between poles at different heights still sags below both (1.124085ms)
✔ explicit heights override the field, for a wire that hangs (3.47488ms)
✔ every ribbon face is wound the way its normal points, whichever way the road runs (0.340617ms)
✔ a kerb face points away from the carriageway on both sides (0.574972ms)
✔ a dash that straddles a bend keeps the bend's vertex (0.373332ms)
✔ dashes are the length asked for, and stop before the end of the line (0.239396ms)
✔ a line shorter than one dash gets none (0.133903ms)
✔ every kind builds something, and only the kinds it knows (3.904174ms)
✔ no roof has a hole in it: every edge is used an EVEN number of times (1.589615ms)
✔ the single-shell roofs are manifold: every edge used exactly twice (2.733449ms)
✔ a pitched roof overhangs its walls on every side (0.366278ms)
✔ a pitched roof rises and a flat one does not (0.342957ms)
✔ a gable ridges along the LONG axis, so a terrace runs with the street (0.561783ms)
✔ a sawtooth has more than one tooth on a long shed (0.432549ms)
✔ every normal is a unit vector (0.44877ms)
✔ winding agrees with the normals, or half of it is culled (slice E3's lesson) (1.010402ms)
✔ the engine's mirror matches data/balance.json exactly (1.725778ms)
✔ every balance era has a sweep report that justifies it (0.353498ms)
✔ every balance number is an integer (0.420979ms)
✔ difficulty tiers move in the directions they claim (0.120033ms)
✔ build costs scale with difficulty (1.985123ms)
✔ an unknown difficulty falls back to steady rather than to nothing (0.182004ms)
✔ an unknown build key costs nothing rather than NaN (0.335267ms)
✔ the tax drag table spans the whole tax range (0.106223ms)
✔ the multiplayer thresholds match the ruling (0.515261ms)
✔ run-length coding round-trips a layer exactly (1.752848ms)
✔ run-length coding handles the degenerate shapes (0.174084ms)
✔ a lived-in city survives the round trip byte for byte (54.228736ms)
✔ a reloaded city continues identically (30.539623ms)
✔ players, buildings and money all come back (7.874045ms)
✔ a tampered save is refused rather than quietly loaded (6.922279ms)
✔ a save from a newer build is refused with a clear reason (0.326717ms)
✔ a save from an unknown older version is refused, not guessed at (0.248765ms)
✔ a registered migration is applied (0.720866ms)
✔ junk is refused without throwing (0.588592ms)
✔ an option added since the save was written gets its default (0.538441ms)
✔ a truncated tile layer is refused (0.258576ms)
✔ a save of a large region stays a sensible size (24.078536ms)
✔ every language offered is a language that exists (1.059103ms)
✔ languages are named in their own language, never translated (0.155143ms)
✔ no setting is a game option in disguise (0.147963ms)
✔ a corrupt stored preference still starts the game (5.040085ms)
✔ the browser's language is the default, when it is one we speak (1.39686ms)
✔ auto motion hands the question back to the operating system (0.130313ms)
✔ high contrast is off unless it is asked for (0.065752ms)
✔ every row has at least two choices and a label (0.190254ms)
✔ the mixer is handed values, never the settings object or state (0.141243ms)
✔ sound is on by default, at a level that does not startle (0.237445ms)
✔ a corrupt volume falls back rather than deafening anyone (0.214284ms)
✔ every volume step is a level the mixer can use (0.110282ms)
✔ a skin is chrome only, and clean is the bare stylesheet (0.098402ms)
✔ every skin the panel offers has rules in the stylesheet (0.45985ms)
✔ the tier is offered, and it is three choices (0.100292ms)
✔ the tier defaults from the device, and a phone does not get High (0.065862ms)
✔ a stored tier survives a round trip, and a bad one does not stop the game (0.069121ms)
✔ the tier is a preference, never a game option (0.149063ms)
✔ every tier names every knob, and they are ordered (8.38449ms)
✔ no tier knob is a simulation knob (0.233595ms)
✔ the projection is offered, and a coarse pointer gets the flat one (0.114692ms)
✔ the projection is a preference, never a game option (0.03263ms)
✔ the hour defaults to day and survives a nonsense stored value (0.045591ms)
✔ `auto` is the only hour the game clock is allowed to move (0.03567ms)
✔ the render style is a setting, defaulting to painted where there is a machine for it (0.04237ms)
✔ a signalled junction gets a head on every approach (7.250447ms)
✔ an unsignalled node gets none (2.300214ms)
✔ a head stands at the kerb, not in the road and not in a garden (1.784349ms)
✔ a head stands back from the junction box, where a driver can see it (1.773988ms)
✔ every head knows its node and its axis, so a lens can be lit (1.212756ms)
✔ the lens reads the same phase the cars do (1.016502ms)
✔ green, amber and red are three colours a driver can tell apart (0.213605ms)
✔ a signalled junction gets crossing bars on every approach (1.275168ms)
✔ the bars lie across the carriageway, not along it (1.568723ms)
✔ an unsignalled node has no crossing painted on it (1.135334ms)
✔ heads and bars are a function of the model and nothing else (1.933791ms)
✔ a fresh state is entirely hashable (1.228877ms)
✔ every tile layer is allocated at map size (0.255246ms)
✔ a fresh map is grass owned by nature (0.273386ms)
✔ the same options produce the same hash (2.201808ms)
✔ a different seed produces a different hash (0.713826ms)
✔ every option is hashed — options are part of the replay contract (5.56351ms)
✔ the city's name is capped and sanitised before it reaches the hash (0.47379ms)
✔ mutating a copy never touches the original (1.092143ms)
✔ every nested array in state is deep-copied (0.486521ms)
✔ tile changes reach the hash (0.46169ms)
✔ every tile layer is hashed (3.568287ms)
✔ seat caps follow map size (0.168414ms)
✔ copyOptions carries every declared field and nothing else (0.407299ms)
✔ defaults match the rulings (0.152064ms)
✔ FNV-1a 64 matches its published vectors (2.412082ms)
✔ the 32-bit lanes carry correctly across the whole byte range (0.242886ms)
✔ hashing is order-sensitive (0.195124ms)
✔ a one-bit change changes the digest (0.164394ms)
✔ digests are always sixteen hex characters (0.974631ms)
✔ incremental hashing equals one-shot hashing (0.398469ms)
✔ canonical writers produce little-endian bytes (1.027332ms)
✔ negative integers round-trip through writeI32's byte pattern (0.191954ms)
✔ writeI64 splits wide values into two lanes rather than a double (0.314407ms)
✔ the sink grows without corrupting what it already holds (1.841469ms)
✔ strings are length-prefixed UTF-8 (0.303387ms)
✔ bools and lists write through explicit item writers (0.172924ms)
✔ writeBytes is length-prefixed (0.177974ms)
✔ assertHashable accepts what state is allowed to contain (0.183854ms)
✔ assertHashable rejects every way a hash can stop being reproducible (0.533711ms)
✔ assertHashable names the path to the offending value (0.325217ms)
✔ autosave fires on its interval and not on every tick (0.729746ms)
✔ autosave never fires backwards after a load (0.132693ms)
✔ there are three manual slots and one autosave slot (0.127903ms)
✔ a slot summary says enough to choose between two cities (18.308986ms)
✔ slots sort newest first, and empty slots sink (3.834736ms)
✔ an exported save round-trips to the same city, hash for hash (7.084733ms)
✔ an export names itself so a file on disk is identifiable (5.55147ms)
✔ import refuses rubbish rather than half-loading it (0.152624ms)
✔ import refuses a save from a future version (0.600443ms)
✔ a save carries the nested records that reach the hash (3.755477ms)
✔ a save survives a field being added to the projection (1.61613ms)
✔ buckets split on transparency (0.976071ms)
✔ buckets split on emissive, so night can dial them separately (0.154313ms)
✔ buckets split on side and on bands (0.274976ms)
✔ two plain pieces share one bucket (0.230725ms)
✔ the nearest missing chunk is the one built (0.207005ms)
✔ a live chunk whose hash moved is rebuilt before a farther missing one (0.237685ms)
✔ nothing to do is nothing to do (0.105082ms)
✔ one decision per call, whatever else is missing (0.100612ms)
✔ a chunk outside the radius survives the grace period (0.718386ms)
✔ a chunk still wanted is never dropped, however old (0.187024ms)
✔ expiry names every chunk that qualifies, not just the first (0.116052ms)
✔ a change in one chunk leaves the others alone (0.148023ms)
✔ lamps march along a corridor at the spacing the data asks for (1.655265ms)
✔ lamps alternate sides (0.165204ms)
✔ a lamp stands clear of the line a walker walks (A43) (0.088762ms)
✔ a lamp is a thin box, not a cube round its head (0.271035ms)
✔ a hedge leaves the gap the path goes through (0.258746ms)
✔ a frontage too short for a gate gets no hedge rather than a negative one (0.377118ms)
✔ the furniture boxes are seated on their own ground, not on zero (0.190034ms)
✔ a hedge box is thin and low — a wall you can see over and not step over (0.147513ms)
✔ engine/ is free of class declarations (ruling 004) (15.617328ms)
✔ engine/ is free of `this` (ruling 004) (8.07716ms)
✔ engine/ is free of `new` (ruling 004) (7.584975ms)
✔ engine/ is free of Map (ruling 004) (7.631294ms)
✔ engine/ is free of Set (ruling 004) (6.268985ms)
✔ engine/ is free of WeakMap/WeakSet (ruling 004) (8.81968ms)
✔ engine/ is free of throw (ruling 004) (8.159012ms)
✔ engine/ is free of try/catch (ruling 004) (6.135218ms)
✔ engine/ is free of async (ruling 004) (5.014339ms)
✔ engine/ is free of await (ruling 004) (4.746012ms)
✔ engine/ divides through idiv(), never bare `/` on integers we care about (4.813693ms)
✔ the subset guard actually catches a planted violation (0.185804ms)
✔ the three presets are the three the spec names, and they are data (1.421801ms)
✔ an unknown preset falls back to day rather than throwing (0.129563ms)
✔ night is fully night and day is exactly zero of it (0.243075ms)
✔ blending reaches each end exactly (0.170683ms)
✔ a blend is between its ends, in numbers and in colours (0.350368ms)
✔ setting a preset arrives at it, over about a second (0.286756ms)
✔ a second `set` to the same preset does not restart the fade (0.140073ms)
✔ no time passing means nothing moves, so `life=0` freezes the hour too (0.121582ms)
✔ the first preset is arrived at immediately, not faded in from nowhere (0.263586ms)
✔ changing the target mid-fade continues from where it is (0.343917ms)
✔ the clock walks day, sunset, night and back (0.228945ms)
✔ the schedule spends most of the day in daylight (0.103243ms)
✔ a preset scales the rig rather than replacing it (0.144223ms)
✔ a rig with no key is left with no key (1.207692ms)
✔ the light cycle runs on the WALL clock, not the game clock (R2) (0.550292ms)
✔ every named ramp exists and is a ramp (1.838503ms)
✔ a band count is a band count (0.160784ms)
✔ the soft ramps step more gently than the hard ones (0.151253ms)
✔ an unknown ramp falls back rather than throwing (0.173854ms)
✔ the ramp texture is NEAREST, or it is not a ramp at all (0.222984ms)
✔ every style declares its rig, its shading and its finish (0.099012ms)
✔ the material is chosen by the shading, not by the style's name (0.155873ms)
✔ the anime rig is a temperature split, not a dimmer (0.168604ms)
✔ the toon ramp already quantises, so the baked contrast comes down (0.988831ms)
✔ the scene builds the lights the rig names, and no others (0.224435ms)
✔ the shadow camera follows the target and snaps to a texel (0.147004ms)
✔ the toon patch checks the chunk it is patching (0.087092ms)
✔ the painted palette is distinguishable under colour-vision deficiency (0.313047ms)
✔ painted is a different palette, not a tint of plain (0.092502ms)
✔ the painted ground is less saturated than plain's, and its walls warmer (0.060562ms)
✔ the rig's shadow fields are read by something (0.138363ms)
✔ commuters put traffic on the road between home and work (2.506029ms)
✔ traffic is heaviest near the jobs (0.869279ms)
✔ no road means no traffic and no crash (1.067458ms)
✔ homes with no route to work are counted, not silently dropped (2.446773ms)
✔ traffic decays instead of accumulating forever (2.456033ms)
✔ congested roads pollute (0.398999ms)
✔ traffic is deterministic (4.846795ms)
✔ the traffic summary is hashed (1.322369ms)
✔ an empty region costs nothing and says nothing (0.340187ms)
✔ the engine's catalogue mirrors data/buildings.json (1.411211ms)
✔ every catalogue entry is complete and integral (0.216234ms)
✔ a plant is placed, paid for, and occupies its whole footprint (1.115204ms)
✔ a footprint that would overlap anything is refused (0.326397ms)
✔ a surface pump needs a shore; a groundwater pump does not (0.249135ms)
✔ placing on a neighbour's land is refused (0.148803ms)
✔ an unknown definition is refused (0.550082ms)
✔ a plant with no wire supplies nobody (0.749907ms)
✔ an unconnected consumer counts as unmet demand, not absent demand (0.393348ms)
✔ a wire joins a plant to a consumer (1.107884ms)
✔ two separate networks do not share supply (1.094893ms)
✔ a component short of capacity browns out entirely, not at random (1.136425ms)
✔ water flows through pipes, independently of power (0.334838ms)
✔ a placed building is never demolished by the development pass (7.302078ms)
✔ a lot that loses its supply decays (11.289334ms)
✔ the supply pass is deterministic and does not touch the hash by itself (2.133006ms)
✔ supply figures survive a state copy (0.267356ms)
✔ the eye lands 1.62 m above whatever it is teleported onto (5.771545ms)
✔ a second of walking is 1.6 m and a second of running is 4 (2.264449ms)
✔ a diagonal is not faster than a straight line (0.672094ms)
✔ no input and no time move nothing (1.137797ms)
✔ walking into a building stops at its wall, radius and all (7.781085ms)
✔ a kerb is a step, and the eye rises by it (1.374299ms)
✔ look wraps in yaw and clamps in pitch (0.820878ms)
✔ a tap walks there and stops on arrival (1.992583ms)
✔ a held key outranks a tap, and a wall cancels it (1.012762ms)
✔ a water tile knows its own surface, and it is the land there (1.993393ms)
✔ a lake is level, whatever the land around it does (0.561112ms)
✔ a river running downhill steps down with its valley (0.274906ms)
✔ dry land has no surface at all (0.206585ms)
✔ shallow counts as water (0.196405ms)
✔ open water is deep and the shore is not (0.299907ms)
✔ depth never exceeds what the data asks for (1.810619ms)
✔ a one-tile puddle is all shore, so nothing falls into it (3.310359ms)
✔ heightAt over open water is the BED, not the surface (2.274758ms)
✔ surfaceAt on water is the water, at the water's own level (E8) (0.888299ms)
✔ the shoreline is where the bed comes up through the surface (0.580112ms)
✔ a road over water is a causeway at the water's surface, not on the bed (3.076886ms)
✔ only the chunks with water in them get a surface (0.695165ms)
✔ a map with no water asks for no surfaces at all (0.129473ms)
✔ the water is a function of the state and nothing else (0.606633ms)
✔ the config mirror matches data/cityviewer.json (2.957734ms)
✔ a tile is twenty metres and relief is half a metre a step (rulings 035, 038) (0.192904ms)
✔ a straight road of N tiles is one corridor of N × TILE_M less nothing (4.510217ms)
✔ a T is one junction and three corridors; an X is four (3.980393ms)
✔ a bend is two corridors and a connector curve through the node (0.93083ms)
✔ a ring of road with no node still becomes a corridor (1.336879ms)
✔ nodeKind reads a mask the way the road renderer does (0.105803ms)
✔ surfaceAt puts the pavement a kerb above the carriageway (slice E3) (0.766977ms)
✔ surfaceAt says road on a road tile's centre, sidewalk beside it, ground beyond (0.328567ms)
✔ an isolated road tile is a node with a road surface (0.801388ms)
✔ the land is bilinear over averaged corners, in metres (0.214045ms)
✔ a corridor is level across its width on a cross-slope, and blends back out (0.544042ms)
✔ heightAt inside a road follows the STREET, not the hill under it (1.016562ms)
✔ a graded street still climbs the hill (0.389069ms)
✔ the junction box at each end of a street is level (1.097967ms)
✔ every corridor reports the grade it ended up with (0.48588ms)
✔ a water tile never rises above the water level (0.188254ms)
✔ a lot fronts the road beside it, and a corner lot picks one side by hash (4.060143ms)
✔ a lot with no road beside it faces the nearest corridor; none at all faces north and says so (0.621943ms)
✔ a lot is the rectangle in metres inset by its zone's setback, and a 2×1 shop has two bays (0.373388ms)
✔ a building is seated on the lowest of its corners (0.273606ms)
✔ building parameters are a function of the record and its id, and agree with the kit's formula (0.556082ms)
✔ ownership overrides the individual: family colour and a darkened roof (0.150834ms)
✔ height and storeys grow together with development level (0.107873ms)
✔ the hashes are stable and spread (0.290916ms)
✔ setConfig changes the frame for the next model (0.190144ms)
✔ the same seed and options generate an identical region (13.196785ms)
✔ a different seed generates a different region (5.438721ms)
✔ generated terrain is hashable — no floats leaked into elevation (2.520914ms)
✔ elevation covers a range rather than a constant (2.179267ms)
✔ terrain style changes the relief, in the direction it claims (2.616496ms)
✔ each water style produces the kind of water it promises (6.088642ms)
✔ a river reaches across the region rather than stopping in the middle (0.803057ms)
✔ deep water is always ringed by shallows, and shallows by sand (1.35034ms)
✔ tree density controls how much forest appears (1.655201ms)
✔ districts partition the buildable map without leaving orphans (3.4894ms)
✔ district ids stay within the requested count (2.241858ms)
✔ the fairness gate rejects an unequal partition (0.340967ms)
✔ water access is reported, not required — groundwater works anywhere (0.596683ms)
✔ scenario generation can still demand waterfront for every seat (0.171804ms)
✔ the fairness gate rejects an isolated district (0.205315ms)
✔ the fairness gate accepts a reasonable partition (0.132763ms)
✔ generateWorld returns a region that passed the gate (2.813121ms)
✔ a re-roll is deterministic — the same input seed gives the same finished region (4.045317ms)
✔ a dry region is generated, and runs on groundwater rather than failing (1.308918ms)
✔ a district with no water is still refused when the region has water (0.086472ms)
✔ the region describes itself from what was actually generated (0.656534ms)
✔ island counting ignores specks (0.676114ms)
✔ water is never buildable and buildable is never water (0.760976ms)
ℹ tests 1034
ℹ suites 0
ℹ pass 1034
ℹ fail 0
ℹ cancelled 0
ℹ skipped 0
ℹ todo 0
ℹ duration_ms 533.305477

SUITE GREEN (twice).
